<annotation>
<folder></folder>
<filename>1987 Sichuan pre-earthquake_patch_2688_5824.jpg</filename>
<path>1987 Sichuan pre-earthquake_patch_2688_5824.jpg</path>
<source>
<database></database>
</source>
<size>
<width>224</width>
<height>224</height>
<depth>3</depth>
</size>
<segmented>0</segmented>
<object>
<name>landslides</name>
<pose>Unspecified</pose>
<truncated>0</truncated>
<difficult>0</difficult>
<occluded>0</occluded>
<bndbox><xmin>20</xmin><xmax>32</xmax><ymin>0</ymin><ymax>9</ymax></bndbox>
</object>
<object>
<name>landslides</name>
<pose>Unspecified</pose>
<truncated>0</truncated>
<difficult>0</difficult>
<occluded>0</occluded>
<bndbox><xmin>13</xmin><xmax>29</xmax><ymin>0</ymin><ymax>14</ymax></bndbox>
</object>
<object>
<name>landslides</name>
<pose>Unspecified</pose>
<truncated>0</truncated>
<difficult>0</difficult>
<occluded>0</occluded>
<bndbox><xmin>7</xmin><xmax>21</xmax><ymin>5</ymin><ymax>18</ymax></bndbox>
</object>
<object>
<name>landslides</name>
<pose>Unspecified</pose>
<truncated>0</truncated>
<difficult>0</difficult>
<occluded>0</occluded>
<bndbox><xmin>164</xmin><xmax>176</xmax><ymin>0</ymin><ymax>13</ymax></bndbox>
</object>
<object>
<name>landslides</name>
<pose>Unspecified</pose>
<truncated>0</truncated>
<difficult>0</difficult>
<occluded>0</occluded>
<bndbox><xmin>115</xmin><xmax>127</xmax><ymin>1</ymin><ymax>11</ymax></bndbox>
</object>
<object>
<name>landslides</name>
<pose>Unspecified</pose>
<truncated>0</truncated>
<difficult>0</difficult>
<occluded>0</occluded>
<bndbox><xmin>0</xmin><xmax>32</xmax><ymin>192</ymin><ymax>210</ymax></bndbox>
</object>
</annotation>