<annotation>
<folder></folder>
<filename>1987 Sichuan pre-earthquake_patch_3808_7392.jpg</filename>
<path>1987 Sichuan pre-earthquake_patch_3808_7392.jpg</path>
<source>
<database></database>
</source>
<size>
<width>224</width>
<height>224</height>
<depth>3</depth>
</size>
<segmented>0</segmented>
<object>
<name>landslides</name>
<pose>Unspecified</pose>
<truncated>0</truncated>
<difficult>0</difficult>
<occluded>0</occluded>
<bndbox><xmin>111</xmin><xmax>122</xmax><ymin>71</ymin><ymax>102</ymax></bndbox>
</object>
<object>
<name>landslides</name>
<pose>Unspecified</pose>
<truncated>0</truncated>
<difficult>0</difficult>
<occluded>0</occluded>
<bndbox><xmin>153</xmin><xmax>161</xmax><ymin>110</ymin><ymax>136</ymax></bndbox>
</object>
<object>
<name>landslides</name>
<pose>Unspecified</pose>
<truncated>0</truncated>
<difficult>0</difficult>
<occluded>0</occluded>
<bndbox><xmin>184</xmin><xmax>224</xmax><ymin>216</ymin><ymax>224</ymax></bndbox>
</object>
<object>
<name>landslides</name>
<pose>Unspecified</pose>
<truncated>0</truncated>
<difficult>0</difficult>
<occluded>0</occluded>
<bndbox><xmin>214</xmin><xmax>224</xmax><ymin>205</ymin><ymax>220</ymax></bndbox>
</object>
<object>
<name>landslides</name>
<pose>Unspecified</pose>
<truncated>0</truncated>
<difficult>0</difficult>
<occluded>0</occluded>
<bndbox><xmin>47</xmin><xmax>57</xmax><ymin>48</ymin><ymax>67</ymax></bndbox>
</object>
<object>
<name>landslides</name>
<pose>Unspecified</pose>
<truncated>0</truncated>
<difficult>0</difficult>
<occluded>0</occluded>
<bndbox><xmin>108</xmin><xmax>126</xmax><ymin>55</ymin><ymax>61</ymax></bndbox>
</object>
<object>
<name>landslides</name>
<pose>Unspecified</pose>
<truncated>0</truncated>
<difficult>0</difficult>
<occluded>0</occluded>
<bndbox><xmin>163</xmin><xmax>173</xmax><ymin>101</ymin><ymax>124</ymax></bndbox>
</object>
<object>
<name>landslides</name>
<pose>Unspecified</pose>
<truncated>0</truncated>
<difficult>0</difficult>
<occluded>0</occluded>
<bndbox><xmin>158</xmin><xmax>168</xmax><ymin>110</ymin><ymax>130</ymax></bndbox>
</object>
</annotation>