<annotation>
<folder></folder>
<filename>1987 Sichuan pre-earthquake_patch_3584_6048.jpg</filename>
<path>1987 Sichuan pre-earthquake_patch_3584_6048.jpg</path>
<source>
<database></database>
</source>
<size>
<width>224</width>
<height>224</height>
<depth>3</depth>
</size>
<segmented>0</segmented>
<object>
<name>landslides</name>
<pose>Unspecified</pose>
<truncated>0</truncated>
<difficult>0</difficult>
<occluded>0</occluded>
<bndbox><xmin>149</xmin><xmax>163</xmax><ymin>180</ymin><ymax>195</ymax></bndbox>
</object>
<object>
<name>landslides</name>
<pose>Unspecified</pose>
<truncated>0</truncated>
<difficult>0</difficult>
<occluded>0</occluded>
<bndbox><xmin>146</xmin><xmax>161</xmax><ymin>172</ymin><ymax>187</ymax></bndbox>
</object>
<object>
<name>landslides</name>
<pose>Unspecified</pose>
<truncated>0</truncated>
<difficult>0</difficult>
<occluded>0</occluded>
<bndbox><xmin>145</xmin><xmax>156</xmax><ymin>160</ymin><ymax>181</ymax></bndbox>
</object>
<object>
<name>landslides</name>
<pose>Unspecified</pose>
<truncated>0</truncated>
<difficult>0</difficult>
<occluded>0</occluded>
<bndbox><xmin>131</xmin><xmax>154</xmax><ymin>209</ymin><ymax>218</ymax></bndbox>
</object>
</annotation>