<annotation>
<folder></folder>
<filename>1987 Sichuan pre-earthquake_patch_3360_6944.jpg</filename>
<path>1987 Sichuan pre-earthquake_patch_3360_6944.jpg</path>
<source>
<database></database>
</source>
<size>
<width>224</width>
<height>224</height>
<depth>3</depth>
</size>
<segmented>0</segmented>
<object>
<name>landslides</name>
<pose>Unspecified</pose>
<truncated>0</truncated>
<difficult>0</difficult>
<occluded>0</occluded>
<bndbox><xmin>12</xmin><xmax>27</xmax><ymin>122</ymin><ymax>140</ymax></bndbox>
</object>
<object>
<name>landslides</name>
<pose>Unspecified</pose>
<truncated>0</truncated>
<difficult>0</difficult>
<occluded>0</occluded>
<bndbox><xmin>26</xmin><xmax>36</xmax><ymin>106</ymin><ymax>119</ymax></bndbox>
</object>
<object>
<name>landslides</name>
<pose>Unspecified</pose>
<truncated>0</truncated>
<difficult>0</difficult>
<occluded>0</occluded>
<bndbox><xmin>27</xmin><xmax>38</xmax><ymin>101</ymin><ymax>112</ymax></bndbox>
</object>
<object>
<name>landslides</name>
<pose>Unspecified</pose>
<truncated>0</truncated>
<difficult>0</difficult>
<occluded>0</occluded>
<bndbox><xmin>15</xmin><xmax>38</xmax><ymin>119</ymin><ymax>133</ymax></bndbox>
</object>
</annotation>