<annotation>
<folder></folder>
<filename>1987 Sichuan pre-earthquake_patch_2464_5824.jpg</filename>
<path>1987 Sichuan pre-earthquake_patch_2464_5824.jpg</path>
<source>
<database></database>
</source>
<size>
<width>224</width>
<height>224</height>
<depth>3</depth>
</size>
<segmented>0</segmented>
<object>
<name>landslides</name>
<pose>Unspecified</pose>
<truncated>0</truncated>
<difficult>0</difficult>
<occluded>0</occluded>
<bndbox><xmin>204</xmin><xmax>218</xmax><ymin>174</ymin><ymax>184</ymax></bndbox>
</object>
<object>
<name>landslides</name>
<pose>Unspecified</pose>
<truncated>0</truncated>
<difficult>0</difficult>
<occluded>0</occluded>
<bndbox><xmin>192</xmin><xmax>222</xmax><ymin>158</ymin><ymax>170</ymax></bndbox>
</object>
<object>
<name>landslides</name>
<pose>Unspecified</pose>
<truncated>0</truncated>
<difficult>0</difficult>
<occluded>0</occluded>
<bndbox><xmin>196</xmin><xmax>224</xmax><ymin>136</ymin><ymax>149</ymax></bndbox>
</object>
<object>
<name>landslides</name>
<pose>Unspecified</pose>
<truncated>0</truncated>
<difficult>0</difficult>
<occluded>0</occluded>
<bndbox><xmin>195</xmin><xmax>211</xmax><ymin>190</ymin><ymax>200</ymax></bndbox>
</object>
</annotation>