<annotation>
<folder></folder>
<filename>1987 Sichuan pre-earthquake_patch_3360_5600.jpg</filename>
<path>1987 Sichuan pre-earthquake_patch_3360_5600.jpg</path>
<source>
<database></database>
</source>
<size>
<width>224</width>
<height>224</height>
<depth>3</depth>
</size>
<segmented>0</segmented>
<object>
<name>landslides</name>
<pose>Unspecified</pose>
<truncated>0</truncated>
<difficult>0</difficult>
<occluded>0</occluded>
<bndbox><xmin>82</xmin><xmax>99</xmax><ymin>93</ymin><ymax>131</ymax></bndbox>
</object>
<object>
<name>landslides</name>
<pose>Unspecified</pose>
<truncated>0</truncated>
<difficult>0</difficult>
<occluded>0</occluded>
<bndbox><xmin>71</xmin><xmax>75</xmax><ymin>63</ymin><ymax>92</ymax></bndbox>
</object>
<object>
<name>landslides</name>
<pose>Unspecified</pose>
<truncated>0</truncated>
<difficult>0</difficult>
<occluded>0</occluded>
<bndbox><xmin>114</xmin><xmax>128</xmax><ymin>0</ymin><ymax>17</ymax></bndbox>
</object>
<object>
<name>landslides</name>
<pose>Unspecified</pose>
<truncated>0</truncated>
<difficult>0</difficult>
<occluded>0</occluded>
<bndbox><xmin>98</xmin><xmax>104</xmax><ymin>91</ymin><ymax>129</ymax></bndbox>
</object>
<object>
<name>landslides</name>
<pose>Unspecified</pose>
<truncated>0</truncated>
<difficult>0</difficult>
<occluded>0</occluded>
<bndbox><xmin>113</xmin><xmax>163</xmax><ymin>128</ymin><ymax>158</ymax></bndbox>
</object>
<object>
<name>landslides</name>
<pose>Unspecified</pose>
<truncated>0</truncated>
<difficult>0</difficult>
<occluded>0</occluded>
<bndbox><xmin>171</xmin><xmax>200</xmax><ymin>107</ymin><ymax>115</ymax></bndbox>
</object>
<object>
<name>landslides</name>
<pose>Unspecified</pose>
<truncated>0</truncated>
<difficult>0</difficult>
<occluded>0</occluded>
<bndbox><xmin>128</xmin><xmax>152</xmax><ymin>116</ymin><ymax>131</ymax></bndbox>
</object>
<object>
<name>landslides</name>
<pose>Unspecified</pose>
<truncated>0</truncated>
<difficult>0</difficult>
<occluded>0</occluded>
<bndbox><xmin>82</xmin><xmax>140</xmax><ymin>213</ymin><ymax>224</ymax></bndbox>
</object>
</annotation>