<annotation>
<folder></folder>
<filename>1987 Sichuan pre-earthquake_patch_4032_6944.jpg</filename>
<path>1987 Sichuan pre-earthquake_patch_4032_6944.jpg</path>
<source>
<database></database>
</source>
<size>
<width>224</width>
<height>224</height>
<depth>3</depth>
</size>
<segmented>0</segmented>
<object>
<name>landslides</name>
<pose>Unspecified</pose>
<truncated>0</truncated>
<difficult>0</difficult>
<occluded>0</occluded>
<bndbox><xmin>67</xmin><xmax>82</xmax><ymin>76</ymin><ymax>87</ymax></bndbox>
</object>
<object>
<name>landslides</name>
<pose>Unspecified</pose>
<truncated>0</truncated>
<difficult>0</difficult>
<occluded>0</occluded>
<bndbox><xmin>71</xmin><xmax>83</xmax><ymin>82</ymin><ymax>102</ymax></bndbox>
</object>
<object>
<name>landslides</name>
<pose>Unspecified</pose>
<truncated>0</truncated>
<difficult>0</difficult>
<occluded>0</occluded>
<bndbox><xmin>42</xmin><xmax>77</xmax><ymin>61</ymin><ymax>80</ymax></bndbox>
</object>
<object>
<name>landslides</name>
<pose>Unspecified</pose>
<truncated>0</truncated>
<difficult>0</difficult>
<occluded>0</occluded>
<bndbox><xmin>92</xmin><xmax>109</xmax><ymin>83</ymin><ymax>90</ymax></bndbox>
</object>
<object>
<name>landslides</name>
<pose>Unspecified</pose>
<truncated>0</truncated>
<difficult>0</difficult>
<occluded>0</occluded>
<bndbox><xmin>0</xmin><xmax>15</xmax><ymin>112</ymin><ymax>121</ymax></bndbox>
</object>
</annotation>