<annotation>
<folder></folder>
<filename>1987 Sichuan pre-earthquake_patch_4256_7168.jpg</filename>
<path>1987 Sichuan pre-earthquake_patch_4256_7168.jpg</path>
<source>
<database></database>
</source>
<size>
<width>224</width>
<height>224</height>
<depth>3</depth>
</size>
<segmented>0</segmented>
<object>
<name>landslides</name>
<pose>Unspecified</pose>
<truncated>0</truncated>
<difficult>0</difficult>
<occluded>0</occluded>
<bndbox><xmin>194</xmin><xmax>208</xmax><ymin>34</ymin><ymax>47</ymax></bndbox>
</object>
<object>
<name>landslides</name>
<pose>Unspecified</pose>
<truncated>0</truncated>
<difficult>0</difficult>
<occluded>0</occluded>
<bndbox><xmin>88</xmin><xmax>109</xmax><ymin>7</ymin><ymax>21</ymax></bndbox>
</object>
<object>
<name>landslides</name>
<pose>Unspecified</pose>
<truncated>0</truncated>
<difficult>0</difficult>
<occluded>0</occluded>
<bndbox><xmin>192</xmin><xmax>205</xmax><ymin>160</ymin><ymax>168</ymax></bndbox>
</object>
<object>
<name>landslides</name>
<pose>Unspecified</pose>
<truncated>0</truncated>
<difficult>0</difficult>
<occluded>0</occluded>
<bndbox><xmin>3</xmin><xmax>17</xmax><ymin>167</ymin><ymax>191</ymax></bndbox>
</object>
<object>
<name>landslides</name>
<pose>Unspecified</pose>
<truncated>0</truncated>
<difficult>0</difficult>
<occluded>0</occluded>
<bndbox><xmin>47</xmin><xmax>67</xmax><ymin>4</ymin><ymax>17</ymax></bndbox>
</object>
<object>
<name>landslides</name>
<pose>Unspecified</pose>
<truncated>0</truncated>
<difficult>0</difficult>
<occluded>0</occluded>
<bndbox><xmin>36</xmin><xmax>51</xmax><ymin>208</ymin><ymax>218</ymax></bndbox>
</object>
<object>
<name>landslides</name>
<pose>Unspecified</pose>
<truncated>0</truncated>
<difficult>0</difficult>
<occluded>0</occluded>
<bndbox><xmin>203</xmin><xmax>216</xmax><ymin>182</ymin><ymax>195</ymax></bndbox>
</object>
</annotation>