<annotation>
<folder></folder>
<filename>1987 Sichuan pre-earthquake_patch_3136_6944.jpg</filename>
<path>1987 Sichuan pre-earthquake_patch_3136_6944.jpg</path>
<source>
<database></database>
</source>
<size>
<width>224</width>
<height>224</height>
<depth>3</depth>
</size>
<segmented>0</segmented>
<object>
<name>landslides</name>
<pose>Unspecified</pose>
<truncated>0</truncated>
<difficult>0</difficult>
<occluded>0</occluded>
<bndbox><xmin>40</xmin><xmax>55</xmax><ymin>44</ymin><ymax>53</ymax></bndbox>
</object>
<object>
<name>landslides</name>
<pose>Unspecified</pose>
<truncated>0</truncated>
<difficult>0</difficult>
<occluded>0</occluded>
<bndbox><xmin>126</xmin><xmax>133</xmax><ymin>92</ymin><ymax>109</ymax></bndbox>
</object>
<object>
<name>landslides</name>
<pose>Unspecified</pose>
<truncated>0</truncated>
<difficult>0</difficult>
<occluded>0</occluded>
<bndbox><xmin>38</xmin><xmax>47</xmax><ymin>142</ymin><ymax>171</ymax></bndbox>
</object>
<object>
<name>landslides</name>
<pose>Unspecified</pose>
<truncated>0</truncated>
<difficult>0</difficult>
<occluded>0</occluded>
<bndbox><xmin>98</xmin><xmax>109</xmax><ymin>102</ymin><ymax>112</ymax></bndbox>
</object>
</annotation>