<annotation>
<folder></folder>
<filename>1987 Sichuan pre-earthquake_patch_4256_7392.jpg</filename>
<path>1987 Sichuan pre-earthquake_patch_4256_7392.jpg</path>
<source>
<database></database>
</source>
<size>
<width>224</width>
<height>224</height>
<depth>3</depth>
</size>
<segmented>0</segmented>
<object>
<name>landslides</name>
<pose>Unspecified</pose>
<truncated>0</truncated>
<difficult>0</difficult>
<occluded>0</occluded>
<bndbox><xmin>9</xmin><xmax>21</xmax><ymin>55</ymin><ymax>64</ymax></bndbox>
</object>
<object>
<name>landslides</name>
<pose>Unspecified</pose>
<truncated>0</truncated>
<difficult>0</difficult>
<occluded>0</occluded>
<bndbox><xmin>105</xmin><xmax>116</xmax><ymin>205</ymin><ymax>215</ymax></bndbox>
</object>
</annotation>