<annotation>
<folder></folder>
<filename>1987 Sichuan pre-earthquake_patch_4928_5824.jpg</filename>
<path>1987 Sichuan pre-earthquake_patch_4928_5824.jpg</path>
<source>
<database></database>
</source>
<size>
<width>224</width>
<height>224</height>
<depth>3</depth>
</size>
<segmented>0</segmented>
<object>
<name>landslides</name>
<pose>Unspecified</pose>
<truncated>0</truncated>
<difficult>0</difficult>
<occluded>0</occluded>
<bndbox><xmin>45</xmin><xmax>60</xmax><ymin>163</ymin><ymax>171</ymax></bndbox>
</object>
<object>
<name>landslides</name>
<pose>Unspecified</pose>
<truncated>0</truncated>
<difficult>0</difficult>
<occluded>0</occluded>
<bndbox><xmin>42</xmin><xmax>67</xmax><ymin>160</ymin><ymax>170</ymax></bndbox>
</object>
<object>
<name>landslides</name>
<pose>Unspecified</pose>
<truncated>0</truncated>
<difficult>0</difficult>
<occluded>0</occluded>
<bndbox><xmin>36</xmin><xmax>47</xmax><ymin>100</ymin><ymax>110</ymax></bndbox>
</object>
</annotation>