<annotation>
<folder></folder>
<filename>1987 Sichuan pre-earthquake_patch_7168_3808.jpg</filename>
<path>1987 Sichuan pre-earthquake_patch_7168_3808.jpg</path>
<source>
<database></database>
</source>
<size>
<width>224</width>
<height>224</height>
<depth>3</depth>
</size>
<segmented>0</segmented>
<object>
<name>landslides</name>
<pose>Unspecified</pose>
<truncated>0</truncated>
<difficult>0</difficult>
<occluded>0</occluded>
<bndbox><xmin>51</xmin><xmax>67</xmax><ymin>84</ymin><ymax>98</ymax></bndbox>
</object>
<object>
<name>landslides</name>
<pose>Unspecified</pose>
<truncated>0</truncated>
<difficult>0</difficult>
<occluded>0</occluded>
<bndbox><xmin>93</xmin><xmax>106</xmax><ymin>187</ymin><ymax>198</ymax></bndbox>
</object>
<object>
<name>landslides</name>
<pose>Unspecified</pose>
<truncated>0</truncated>
<difficult>0</difficult>
<occluded>0</occluded>
<bndbox><xmin>152</xmin><xmax>165</xmax><ymin>126</ymin><ymax>134</ymax></bndbox>
</object>
<object>
<name>landslides</name>
<pose>Unspecified</pose>
<truncated>0</truncated>
<difficult>0</difficult>
<occluded>0</occluded>
<bndbox><xmin>173</xmin><xmax>184</xmax><ymin>28</ymin><ymax>41</ymax></bndbox>
</object>
</annotation>