<annotation>
<folder></folder>
<filename>1987 Sichuan pre-earthquake_patch_8064_224.jpg</filename>
<path>1987 Sichuan pre-earthquake_patch_8064_224.jpg</path>
<source>
<database></database>
</source>
<size>
<width>224</width>
<height>224</height>
<depth>3</depth>
</size>
<segmented>0</segmented>
<object>
<name>landslides</name>
<pose>Unspecified</pose>
<truncated>0</truncated>
<difficult>0</difficult>
<occluded>0</occluded>
<bndbox><xmin>51</xmin><xmax>65</xmax><ymin>56</ymin><ymax>77</ymax></bndbox>
</object>
<object>
<name>landslides</name>
<pose>Unspecified</pose>
<truncated>0</truncated>
<difficult>0</difficult>
<occluded>0</occluded>
<bndbox><xmin>46</xmin><xmax>55</xmax><ymin>56</ymin><ymax>72</ymax></bndbox>
</object>
<object>
<name>landslides</name>
<pose>Unspecified</pose>
<truncated>0</truncated>
<difficult>0</difficult>
<occluded>0</occluded>
<bndbox><xmin>201</xmin><xmax>211</xmax><ymin>124</ymin><ymax>163</ymax></bndbox>
</object>
<object>
<name>landslides</name>
<pose>Unspecified</pose>
<truncated>0</truncated>
<difficult>0</difficult>
<occluded>0</occluded>
<bndbox><xmin>36</xmin><xmax>60</xmax><ymin>145</ymin><ymax>153</ymax></bndbox>
</object>
<object>
<name>landslides</name>
<pose>Unspecified</pose>
<truncated>0</truncated>
<difficult>0</difficult>
<occluded>0</occluded>
<bndbox><xmin>73</xmin><xmax>92</xmax><ymin>0</ymin><ymax>7</ymax></bndbox>
</object>
<object>
<name>landslides</name>
<pose>Unspecified</pose>
<truncated>0</truncated>
<difficult>0</difficult>
<occluded>0</occluded>
<bndbox><xmin>42</xmin><xmax>56</xmax><ymin>45</ymin><ymax>54</ymax></bndbox>
</object>
<object>
<name>landslides</name>
<pose>Unspecified</pose>
<truncated>0</truncated>
<difficult>0</difficult>
<occluded>0</occluded>
<bndbox><xmin>115</xmin><xmax>123</xmax><ymin>85</ymin><ymax>104</ymax></bndbox>
</object>
<object>
<name>landslides</name>
<pose>Unspecified</pose>
<truncated>0</truncated>
<difficult>0</difficult>
<occluded>0</occluded>
<bndbox><xmin>95</xmin><xmax>101</xmax><ymin>113</ymin><ymax>137</ymax></bndbox>
</object>
<object>
<name>landslides</name>
<pose>Unspecified</pose>
<truncated>0</truncated>
<difficult>0</difficult>
<occluded>0</occluded>
<bndbox><xmin>108</xmin><xmax>123</xmax><ymin>113</ymin><ymax>129</ymax></bndbox>
</object>
<object>
<name>landslides</name>
<pose>Unspecified</pose>
<truncated>0</truncated>
<difficult>0</difficult>
<occluded>0</occluded>
<bndbox><xmin>151</xmin><xmax>163</xmax><ymin>94</ymin><ymax>110</ymax></bndbox>
</object>
</annotation>