<annotation>
<folder></folder>
<filename>1987 Sichuan pre-earthquake_patch_4032_6272.jpg</filename>
<path>1987 Sichuan pre-earthquake_patch_4032_6272.jpg</path>
<source>
<database></database>
</source>
<size>
<width>224</width>
<height>224</height>
<depth>3</depth>
</size>
<segmented>0</segmented>
<object>
<name>landslides</name>
<pose>Unspecified</pose>
<truncated>0</truncated>
<difficult>0</difficult>
<occluded>0</occluded>
<bndbox><xmin>187</xmin><xmax>201</xmax><ymin>47</ymin><ymax>61</ymax></bndbox>
</object>
<object>
<name>landslides</name>
<pose>Unspecified</pose>
<truncated>0</truncated>
<difficult>0</difficult>
<occluded>0</occluded>
<bndbox><xmin>162</xmin><xmax>167</xmax><ymin>18</ymin><ymax>38</ymax></bndbox>
</object>
</annotation>