<annotation>
<folder></folder>
<filename>1987 Sichuan pre-earthquake_patch_3360_5824.jpg</filename>
<path>1987 Sichuan pre-earthquake_patch_3360_5824.jpg</path>
<source>
<database></database>
</source>
<size>
<width>224</width>
<height>224</height>
<depth>3</depth>
</size>
<segmented>0</segmented>
<object>
<name>landslides</name>
<pose>Unspecified</pose>
<truncated>0</truncated>
<difficult>0</difficult>
<occluded>0</occluded>
<bndbox><xmin>71</xmin><xmax>110</xmax><ymin>0</ymin><ymax>36</ymax></bndbox>
</object>
<object>
<name>landslides</name>
<pose>Unspecified</pose>
<truncated>0</truncated>
<difficult>0</difficult>
<occluded>0</occluded>
<bndbox><xmin>33</xmin><xmax>83</xmax><ymin>0</ymin><ymax>27</ymax></bndbox>
</object>
</annotation>