<annotation>
<folder></folder>
<filename>1987 Sichuan pre-earthquake_patch_4256_6272.jpg</filename>
<path>1987 Sichuan pre-earthquake_patch_4256_6272.jpg</path>
<source>
<database></database>
</source>
<size>
<width>224</width>
<height>224</height>
<depth>3</depth>
</size>
<segmented>0</segmented>
<object>
<name>landslides</name>
<pose>Unspecified</pose>
<truncated>0</truncated>
<difficult>0</difficult>
<occluded>0</occluded>
<bndbox><xmin>124</xmin><xmax>140</xmax><ymin>194</ymin><ymax>205</ymax></bndbox>
</object>
<object>
<name>landslides</name>
<pose>Unspecified</pose>
<truncated>0</truncated>
<difficult>0</difficult>
<occluded>0</occluded>
<bndbox><xmin>63</xmin><xmax>74</xmax><ymin>192</ymin><ymax>205</ymax></bndbox>
</object>
<object>
<name>landslides</name>
<pose>Unspecified</pose>
<truncated>0</truncated>
<difficult>0</difficult>
<occluded>0</occluded>
<bndbox><xmin>143</xmin><xmax>167</xmax><ymin>212</ymin><ymax>224</ymax></bndbox>
</object>
<object>
<name>landslides</name>
<pose>Unspecified</pose>
<truncated>0</truncated>
<difficult>0</difficult>
<occluded>0</occluded>
<bndbox><xmin>120</xmin><xmax>131</xmax><ymin>207</ymin><ymax>221</ymax></bndbox>
</object>
<object>
<name>landslides</name>
<pose>Unspecified</pose>
<truncated>0</truncated>
<difficult>0</difficult>
<occluded>0</occluded>
<bndbox><xmin>112</xmin><xmax>130</xmax><ymin>201</ymin><ymax>207</ymax></bndbox>
</object>
</annotation>