<annotation>
<folder></folder>
<filename>1987 Sichuan pre-earthquake_patch_3808_6944.jpg</filename>
<path>1987 Sichuan pre-earthquake_patch_3808_6944.jpg</path>
<source>
<database></database>
</source>
<size>
<width>224</width>
<height>224</height>
<depth>3</depth>
</size>
<segmented>0</segmented>
<object>
<name>landslides</name>
<pose>Unspecified</pose>
<truncated>0</truncated>
<difficult>0</difficult>
<occluded>0</occluded>
<bndbox><xmin>169</xmin><xmax>180</xmax><ymin>10</ymin><ymax>28</ymax></bndbox>
</object>
<object>
<name>landslides</name>
<pose>Unspecified</pose>
<truncated>0</truncated>
<difficult>0</difficult>
<occluded>0</occluded>
<bndbox><xmin>169</xmin><xmax>184</xmax><ymin>7</ymin><ymax>24</ymax></bndbox>
</object>
<object>
<name>landslides</name>
<pose>Unspecified</pose>
<truncated>0</truncated>
<difficult>0</difficult>
<occluded>0</occluded>
<bndbox><xmin>160</xmin><xmax>177</xmax><ymin>17</ymin><ymax>41</ymax></bndbox>
</object>
<object>
<name>landslides</name>
<pose>Unspecified</pose>
<truncated>0</truncated>
<difficult>0</difficult>
<occluded>0</occluded>
<bndbox><xmin>211</xmin><xmax>224</xmax><ymin>106</ymin><ymax>115</ymax></bndbox>
</object>
<object>
<name>landslides</name>
<pose>Unspecified</pose>
<truncated>0</truncated>
<difficult>0</difficult>
<occluded>0</occluded>
<bndbox><xmin>187</xmin><xmax>198</xmax><ymin>195</ymin><ymax>205</ymax></bndbox>
</object>
<object>
<name>landslides</name>
<pose>Unspecified</pose>
<truncated>0</truncated>
<difficult>0</difficult>
<occluded>0</occluded>
<bndbox><xmin>199</xmin><xmax>209</xmax><ymin>204</ymin><ymax>214</ymax></bndbox>
</object>
<object>
<name>landslides</name>
<pose>Unspecified</pose>
<truncated>0</truncated>
<difficult>0</difficult>
<occluded>0</occluded>
<bndbox><xmin>12</xmin><xmax>28</xmax><ymin>111</ymin><ymax>144</ymax></bndbox>
</object>
<object>
<name>landslides</name>
<pose>Unspecified</pose>
<truncated>0</truncated>
<difficult>0</difficult>
<occluded>0</occluded>
<bndbox><xmin>27</xmin><xmax>42</xmax><ymin>103</ymin><ymax>148</ymax></bndbox>
</object>
<object>
<name>landslides</name>
<pose>Unspecified</pose>
<truncated>0</truncated>
<difficult>0</difficult>
<occluded>0</occluded>
<bndbox><xmin>45</xmin><xmax>55</xmax><ymin>98</ymin><ymax>139</ymax></bndbox>
</object>
<object>
<name>landslides</name>
<pose>Unspecified</pose>
<truncated>0</truncated>
<difficult>0</difficult>
<occluded>0</occluded>
<bndbox><xmin>81</xmin><xmax>98</xmax><ymin>96</ymin><ymax>133</ymax></bndbox>
</object>
<object>
<name>landslides</name>
<pose>Unspecified</pose>
<truncated>0</truncated>
<difficult>0</difficult>
<occluded>0</occluded>
<bndbox><xmin>105</xmin><xmax>122</xmax><ymin>96</ymin><ymax>127</ymax></bndbox>
</object>
</annotation>