<annotation>
<folder></folder>
<filename>1987 Sichuan pre-earthquake_patch_4928_6048.jpg</filename>
<path>1987 Sichuan pre-earthquake_patch_4928_6048.jpg</path>
<source>
<database></database>
</source>
<size>
<width>224</width>
<height>224</height>
<depth>3</depth>
</size>
<segmented>0</segmented>
<object>
<name>landslides</name>
<pose>Unspecified</pose>
<truncated>0</truncated>
<difficult>0</difficult>
<occluded>0</occluded>
<bndbox><xmin>158</xmin><xmax>169</xmax><ymin>45</ymin><ymax>61</ymax></bndbox>
</object>
<object>
<name>landslides</name>
<pose>Unspecified</pose>
<truncated>0</truncated>
<difficult>0</difficult>
<occluded>0</occluded>
<bndbox><xmin>3</xmin><xmax>22</xmax><ymin>204</ymin><ymax>224</ymax></bndbox>
</object>
<object>
<name>landslides</name>
<pose>Unspecified</pose>
<truncated>0</truncated>
<difficult>0</difficult>
<occluded>0</occluded>
<bndbox><xmin>112</xmin><xmax>121</xmax><ymin>159</ymin><ymax>179</ymax></bndbox>
</object>
<object>
<name>landslides</name>
<pose>Unspecified</pose>
<truncated>0</truncated>
<difficult>0</difficult>
<occluded>0</occluded>
<bndbox><xmin>205</xmin><xmax>214</xmax><ymin>79</ymin><ymax>97</ymax></bndbox>
</object>
<object>
<name>landslides</name>
<pose>Unspecified</pose>
<truncated>0</truncated>
<difficult>0</difficult>
<occluded>0</occluded>
<bndbox><xmin>92</xmin><xmax>112</xmax><ymin>184</ymin><ymax>199</ymax></bndbox>
</object>
<object>
<name>landslides</name>
<pose>Unspecified</pose>
<truncated>0</truncated>
<difficult>0</difficult>
<occluded>0</occluded>
<bndbox><xmin>48</xmin><xmax>71</xmax><ymin>21</ymin><ymax>32</ymax></bndbox>
</object>
</annotation>