<annotation>
<folder></folder>
<filename>1987 Sichuan pre-earthquake_patch_3808_6048.jpg</filename>
<path>1987 Sichuan pre-earthquake_patch_3808_6048.jpg</path>
<source>
<database></database>
</source>
<size>
<width>224</width>
<height>224</height>
<depth>3</depth>
</size>
<segmented>0</segmented>
<object>
<name>landslides</name>
<pose>Unspecified</pose>
<truncated>0</truncated>
<difficult>0</difficult>
<occluded>0</occluded>
<bndbox><xmin>94</xmin><xmax>115</xmax><ymin>73</ymin><ymax>112</ymax></bndbox>
</object>
<object>
<name>landslides</name>
<pose>Unspecified</pose>
<truncated>0</truncated>
<difficult>0</difficult>
<occluded>0</occluded>
<bndbox><xmin>85</xmin><xmax>96</xmax><ymin>95</ymin><ymax>114</ymax></bndbox>
</object>
<object>
<name>landslides</name>
<pose>Unspecified</pose>
<truncated>0</truncated>
<difficult>0</difficult>
<occluded>0</occluded>
<bndbox><xmin>91</xmin><xmax>103</xmax><ymin>106</ymin><ymax>127</ymax></bndbox>
</object>
<object>
<name>landslides</name>
<pose>Unspecified</pose>
<truncated>0</truncated>
<difficult>0</difficult>
<occluded>0</occluded>
<bndbox><xmin>64</xmin><xmax>91</xmax><ymin>76</ymin><ymax>120</ymax></bndbox>
</object>
<object>
<name>landslides</name>
<pose>Unspecified</pose>
<truncated>0</truncated>
<difficult>0</difficult>
<occluded>0</occluded>
<bndbox><xmin>43</xmin><xmax>65</xmax><ymin>64</ymin><ymax>73</ymax></bndbox>
</object>
<object>
<name>landslides</name>
<pose>Unspecified</pose>
<truncated>0</truncated>
<difficult>0</difficult>
<occluded>0</occluded>
<bndbox><xmin>55</xmin><xmax>70</xmax><ymin>0</ymin><ymax>15</ymax></bndbox>
</object>
</annotation>