<annotation>
<folder></folder>
<filename>1987 Sichuan pre-earthquake_patch_7840_0.jpg</filename>
<path>1987 Sichuan pre-earthquake_patch_7840_0.jpg</path>
<source>
<database></database>
</source>
<size>
<width>224</width>
<height>224</height>
<depth>3</depth>
</size>
<segmented>0</segmented>
<object>
<name>landslides</name>
<pose>Unspecified</pose>
<truncated>0</truncated>
<difficult>0</difficult>
<occluded>0</occluded>
<bndbox><xmin>65</xmin><xmax>75</xmax><ymin>189</ymin><ymax>206</ymax></bndbox>
</object>
<object>
<name>landslides</name>
<pose>Unspecified</pose>
<truncated>0</truncated>
<difficult>0</difficult>
<occluded>0</occluded>
<bndbox><xmin>115</xmin><xmax>123</xmax><ymin>42</ymin><ymax>62</ymax></bndbox>
</object>
<object>
<name>landslides</name>
<pose>Unspecified</pose>
<truncated>0</truncated>
<difficult>0</difficult>
<occluded>0</occluded>
<bndbox><xmin>191</xmin><xmax>204</xmax><ymin>80</ymin><ymax>90</ymax></bndbox>
</object>
</annotation>