<annotation>
<folder></folder>
<filename>1987 Sichuan pre-earthquake_patch_8736_896.jpg</filename>
<path>1987 Sichuan pre-earthquake_patch_8736_896.jpg</path>
<source>
<database></database>
</source>
<size>
<width>224</width>
<height>224</height>
<depth>3</depth>
</size>
<segmented>0</segmented>
<object>
<name>landslides</name>
<pose>Unspecified</pose>
<truncated>0</truncated>
<difficult>0</difficult>
<occluded>0</occluded>
<bndbox><xmin>0</xmin><xmax>13</xmax><ymin>80</ymin><ymax>93</ymax></bndbox>
</object>
<object>
<name>landslides</name>
<pose>Unspecified</pose>
<truncated>0</truncated>
<difficult>0</difficult>
<occluded>0</occluded>
<bndbox><xmin>36</xmin><xmax>62</xmax><ymin>58</ymin><ymax>77</ymax></bndbox>
</object>
</annotation>