<annotation>
<folder></folder>
<filename>1987 Sichuan pre-earthquake_patch_3808_5824.jpg</filename>
<path>1987 Sichuan pre-earthquake_patch_3808_5824.jpg</path>
<source>
<database></database>
</source>
<size>
<width>224</width>
<height>224</height>
<depth>3</depth>
</size>
<segmented>0</segmented>
<object>
<name>landslides</name>
<pose>Unspecified</pose>
<truncated>0</truncated>
<difficult>0</difficult>
<occluded>0</occluded>
<bndbox><xmin>76</xmin><xmax>84</xmax><ymin>174</ymin><ymax>190</ymax></bndbox>
</object>
<object>
<name>landslides</name>
<pose>Unspecified</pose>
<truncated>0</truncated>
<difficult>0</difficult>
<occluded>0</occluded>
<bndbox><xmin>40</xmin><xmax>57</xmax><ymin>208</ymin><ymax>224</ymax></bndbox>
</object>
<object>
<name>landslides</name>
<pose>Unspecified</pose>
<truncated>0</truncated>
<difficult>0</difficult>
<occluded>0</occluded>
<bndbox><xmin>103</xmin><xmax>112</xmax><ymin>1</ymin><ymax>15</ymax></bndbox>
</object>
</annotation>