<annotation>
<folder></folder>
<filename>1987 Sichuan pre-earthquake_patch_7168_3584.jpg</filename>
<path>1987 Sichuan pre-earthquake_patch_7168_3584.jpg</path>
<source>
<database></database>
</source>
<size>
<width>224</width>
<height>224</height>
<depth>3</depth>
</size>
<segmented>0</segmented>
<object>
<name>landslides</name>
<pose>Unspecified</pose>
<truncated>0</truncated>
<difficult>0</difficult>
<occluded>0</occluded>
<bndbox><xmin>26</xmin><xmax>44</xmax><ymin>145</ymin><ymax>153</ymax></bndbox>
</object>
<object>
<name>landslides</name>
<pose>Unspecified</pose>
<truncated>0</truncated>
<difficult>0</difficult>
<occluded>0</occluded>
<bndbox><xmin>29</xmin><xmax>50</xmax><ymin>78</ymin><ymax>94</ymax></bndbox>
</object>
</annotation>