<annotation>
<folder></folder>
<filename>1987 Sichuan pre-earthquake_patch_7168_4032.jpg</filename>
<path>1987 Sichuan pre-earthquake_patch_7168_4032.jpg</path>
<source>
<database></database>
</source>
<size>
<width>224</width>
<height>224</height>
<depth>3</depth>
</size>
<segmented>0</segmented>
<object>
<name>landslides</name>
<pose>Unspecified</pose>
<truncated>0</truncated>
<difficult>0</difficult>
<occluded>0</occluded>
<bndbox><xmin>13</xmin><xmax>33</xmax><ymin>161</ymin><ymax>174</ymax></bndbox>
</object>
<object>
<name>landslides</name>
<pose>Unspecified</pose>
<truncated>0</truncated>
<difficult>0</difficult>
<occluded>0</occluded>
<bndbox><xmin>6</xmin><xmax>27</xmax><ymin>153</ymin><ymax>160</ymax></bndbox>
</object>
<object>
<name>landslides</name>
<pose>Unspecified</pose>
<truncated>0</truncated>
<difficult>0</difficult>
<occluded>0</occluded>
<bndbox><xmin>191</xmin><xmax>204</xmax><ymin>9</ymin><ymax>26</ymax></bndbox>
</object>
<object>
<name>landslides</name>
<pose>Unspecified</pose>
<truncated>0</truncated>
<difficult>0</difficult>
<occluded>0</occluded>
<bndbox><xmin>4</xmin><xmax>27</xmax><ymin>85</ymin><ymax>91</ymax></bndbox>
</object>
</annotation>