<annotation>
<folder></folder>
<filename>1987 Sichuan pre-earthquake_patch_7392_3808.jpg</filename>
<path>1987 Sichuan pre-earthquake_patch_7392_3808.jpg</path>
<source>
<database></database>
</source>
<size>
<width>224</width>
<height>224</height>
<depth>3</depth>
</size>
<segmented>0</segmented>
<object>
<name>landslides</name>
<pose>Unspecified</pose>
<truncated>0</truncated>
<difficult>0</difficult>
<occluded>0</occluded>
<bndbox><xmin>119</xmin><xmax>127</xmax><ymin>200</ymin><ymax>217</ymax></bndbox>
</object>
<object>
<name>landslides</name>
<pose>Unspecified</pose>
<truncated>0</truncated>
<difficult>0</difficult>
<occluded>0</occluded>
<bndbox><xmin>61</xmin><xmax>73</xmax><ymin>167</ymin><ymax>179</ymax></bndbox>
</object>
</annotation>