<annotation>
<folder></folder>
<filename>1987 Sichuan pre-earthquake_patch_2240_6496.jpg</filename>
<path>1987 Sichuan pre-earthquake_patch_2240_6496.jpg</path>
<source>
<database></database>
</source>
<size>
<width>224</width>
<height>224</height>
<depth>3</depth>
</size>
<segmented>0</segmented>
<object>
<name>landslides</name>
<pose>Unspecified</pose>
<truncated>0</truncated>
<difficult>0</difficult>
<occluded>0</occluded>
<bndbox><xmin>63</xmin><xmax>88</xmax><ymin>207</ymin><ymax>213</ymax></bndbox>
</object>
<object>
<name>landslides</name>
<pose>Unspecified</pose>
<truncated>0</truncated>
<difficult>0</difficult>
<occluded>0</occluded>
<bndbox><xmin>31</xmin><xmax>47</xmax><ymin>203</ymin><ymax>212</ymax></bndbox>
</object>
<object>
<name>landslides</name>
<pose>Unspecified</pose>
<truncated>0</truncated>
<difficult>0</difficult>
<occluded>0</occluded>
<bndbox><xmin>18</xmin><xmax>34</xmax><ymin>180</ymin><ymax>187</ymax></bndbox>
</object>
<object>
<name>landslides</name>
<pose>Unspecified</pose>
<truncated>0</truncated>
<difficult>0</difficult>
<occluded>0</occluded>
<bndbox><xmin>20</xmin><xmax>34</xmax><ymin>146</ymin><ymax>158</ymax></bndbox>
</object>
<object>
<name>landslides</name>
<pose>Unspecified</pose>
<truncated>0</truncated>
<difficult>0</difficult>
<occluded>0</occluded>
<bndbox><xmin>6</xmin><xmax>17</xmax><ymin>118</ymin><ymax>128</ymax></bndbox>
</object>
</annotation>