<annotation>
<folder></folder>
<filename>1987 Sichuan pre-earthquake_patch_6944_4032.jpg</filename>
<path>1987 Sichuan pre-earthquake_patch_6944_4032.jpg</path>
<source>
<database></database>
</source>
<size>
<width>224</width>
<height>224</height>
<depth>3</depth>
</size>
<segmented>0</segmented>
<object>
<name>landslides</name>
<pose>Unspecified</pose>
<truncated>0</truncated>
<difficult>0</difficult>
<occluded>0</occluded>
<bndbox><xmin>91</xmin><xmax>112</xmax><ymin>198</ymin><ymax>210</ymax></bndbox>
</object>
<object>
<name>landslides</name>
<pose>Unspecified</pose>
<truncated>0</truncated>
<difficult>0</difficult>
<occluded>0</occluded>
<bndbox><xmin>63</xmin><xmax>79</xmax><ymin>160</ymin><ymax>167</ymax></bndbox>
</object>
<object>
<name>landslides</name>
<pose>Unspecified</pose>
<truncated>0</truncated>
<difficult>0</difficult>
<occluded>0</occluded>
<bndbox><xmin>55</xmin><xmax>84</xmax><ymin>168</ymin><ymax>178</ymax></bndbox>
</object>
<object>
<name>landslides</name>
<pose>Unspecified</pose>
<truncated>0</truncated>
<difficult>0</difficult>
<occluded>0</occluded>
<bndbox><xmin>147</xmin><xmax>162</xmax><ymin>124</ymin><ymax>133</ymax></bndbox>
</object>
<object>
<name>landslides</name>
<pose>Unspecified</pose>
<truncated>0</truncated>
<difficult>0</difficult>
<occluded>0</occluded>
<bndbox><xmin>0</xmin><xmax>11</xmax><ymin>65</ymin><ymax>88</ymax></bndbox>
</object>
<object>
<name>landslides</name>
<pose>Unspecified</pose>
<truncated>0</truncated>
<difficult>0</difficult>
<occluded>0</occluded>
<bndbox><xmin>13</xmin><xmax>22</xmax><ymin>56</ymin><ymax>85</ymax></bndbox>
</object>
<object>
<name>landslides</name>
<pose>Unspecified</pose>
<truncated>0</truncated>
<difficult>0</difficult>
<occluded>0</occluded>
<bndbox><xmin>35</xmin><xmax>50</xmax><ymin>156</ymin><ymax>164</ymax></bndbox>
</object>
</annotation>