<annotation>
<folder></folder>
<filename>1987 Sichuan pre-earthquake_patch_3136_6048.jpg</filename>
<path>1987 Sichuan pre-earthquake_patch_3136_6048.jpg</path>
<source>
<database></database>
</source>
<size>
<width>224</width>
<height>224</height>
<depth>3</depth>
</size>
<segmented>0</segmented>
<object>
<name>landslides</name>
<pose>Unspecified</pose>
<truncated>0</truncated>
<difficult>0</difficult>
<occluded>0</occluded>
<bndbox><xmin>80</xmin><xmax>87</xmax><ymin>96</ymin><ymax>111</ymax></bndbox>
</object>
<object>
<name>landslides</name>
<pose>Unspecified</pose>
<truncated>0</truncated>
<difficult>0</difficult>
<occluded>0</occluded>
<bndbox><xmin>94</xmin><xmax>103</xmax><ymin>139</ymin><ymax>151</ymax></bndbox>
</object>
<object>
<name>landslides</name>
<pose>Unspecified</pose>
<truncated>0</truncated>
<difficult>0</difficult>
<occluded>0</occluded>
<bndbox><xmin>161</xmin><xmax>182</xmax><ymin>202</ymin><ymax>209</ymax></bndbox>
</object>
</annotation>