<annotation>
<folder></folder>
<filename>1987 Sichuan pre-earthquake_patch_2464_5600.jpg</filename>
<path>1987 Sichuan pre-earthquake_patch_2464_5600.jpg</path>
<source>
<database></database>
</source>
<size>
<width>224</width>
<height>224</height>
<depth>3</depth>
</size>
<segmented>0</segmented>
<object>
<name>landslides</name>
<pose>Unspecified</pose>
<truncated>0</truncated>
<difficult>0</difficult>
<occluded>0</occluded>
<bndbox><xmin>0</xmin><xmax>10</xmax><ymin>180</ymin><ymax>195</ymax></bndbox>
</object>
<object>
<name>landslides</name>
<pose>Unspecified</pose>
<truncated>0</truncated>
<difficult>0</difficult>
<occluded>0</occluded>
<bndbox><xmin>0</xmin><xmax>15</xmax><ymin>32</ymin><ymax>45</ymax></bndbox>
</object>
</annotation>