<annotation>
<folder></folder>
<filename>1987 Sichuan pre-earthquake_patch_4256_6048.jpg</filename>
<path>1987 Sichuan pre-earthquake_patch_4256_6048.jpg</path>
<source>
<database></database>
</source>
<size>
<width>224</width>
<height>224</height>
<depth>3</depth>
</size>
<segmented>0</segmented>
<object>
<name>landslides</name>
<pose>Unspecified</pose>
<truncated>0</truncated>
<difficult>0</difficult>
<occluded>0</occluded>
<bndbox><xmin>19</xmin><xmax>32</xmax><ymin>216</ymin><ymax>224</ymax></bndbox>
</object>
<object>
<name>landslides</name>
<pose>Unspecified</pose>
<truncated>0</truncated>
<difficult>0</difficult>
<occluded>0</occluded>
<bndbox><xmin>93</xmin><xmax>100</xmax><ymin>0</ymin><ymax>16</ymax></bndbox>
</object>
<object>
<name>landslides</name>
<pose>Unspecified</pose>
<truncated>0</truncated>
<difficult>0</difficult>
<occluded>0</occluded>
<bndbox><xmin>54</xmin><xmax>65</xmax><ymin>8</ymin><ymax>20</ymax></bndbox>
</object>
</annotation>