<annotation>
<folder></folder>
<filename>1987 Sichuan pre-earthquake_patch_7840_1792.jpg</filename>
<path>1987 Sichuan pre-earthquake_patch_7840_1792.jpg</path>
<source>
<database></database>
</source>
<size>
<width>224</width>
<height>224</height>
<depth>3</depth>
</size>
<segmented>0</segmented>
<object>
<name>landslides</name>
<pose>Unspecified</pose>
<truncated>0</truncated>
<difficult>0</difficult>
<occluded>0</occluded>
<bndbox><xmin>82</xmin><xmax>120</xmax><ymin>109</ymin><ymax>124</ymax></bndbox>
</object>
<object>
<name>landslides</name>
<pose>Unspecified</pose>
<truncated>0</truncated>
<difficult>0</difficult>
<occluded>0</occluded>
<bndbox><xmin>101</xmin><xmax>119</xmax><ymin>67</ymin><ymax>78</ymax></bndbox>
</object>
</annotation>