<annotation>
<folder></folder>
<filename>1987 Sichuan pre-earthquake_patch_7616_1120.jpg</filename>
<path>1987 Sichuan pre-earthquake_patch_7616_1120.jpg</path>
<source>
<database></database>
</source>
<size>
<width>224</width>
<height>224</height>
<depth>3</depth>
</size>
<segmented>0</segmented>
<object>
<name>landslides</name>
<pose>Unspecified</pose>
<truncated>0</truncated>
<difficult>0</difficult>
<occluded>0</occluded>
<bndbox><xmin>205</xmin><xmax>224</xmax><ymin>109</ymin><ymax>132</ymax></bndbox>
</object>
<object>
<name>landslides</name>
<pose>Unspecified</pose>
<truncated>0</truncated>
<difficult>0</difficult>
<occluded>0</occluded>
<bndbox><xmin>207</xmin><xmax>224</xmax><ymin>157</ymin><ymax>173</ymax></bndbox>
</object>
<object>
<name>landslides</name>
<pose>Unspecified</pose>
<truncated>0</truncated>
<difficult>0</difficult>
<occluded>0</occluded>
<bndbox><xmin>203</xmin><xmax>223</xmax><ymin>137</ymin><ymax>148</ymax></bndbox>
</object>
</annotation>