<annotation>
<folder></folder>
<filename>1987 Sichuan pre-earthquake_patch_7616_672.jpg</filename>
<path>1987 Sichuan pre-earthquake_patch_7616_672.jpg</path>
<source>
<database></database>
</source>
<size>
<width>224</width>
<height>224</height>
<depth>3</depth>
</size>
<segmented>0</segmented>
<object>
<name>landslides</name>
<pose>Unspecified</pose>
<truncated>0</truncated>
<difficult>0</difficult>
<occluded>0</occluded>
<bndbox><xmin>17</xmin><xmax>35</xmax><ymin>34</ymin><ymax>41</ymax></bndbox>
</object>
<object>
<name>landslides</name>
<pose>Unspecified</pose>
<truncated>0</truncated>
<difficult>0</difficult>
<occluded>0</occluded>
<bndbox><xmin>21</xmin><xmax>39</xmax><ymin>28</ymin><ymax>36</ymax></bndbox>
</object>
<object>
<name>landslides</name>
<pose>Unspecified</pose>
<truncated>0</truncated>
<difficult>0</difficult>
<occluded>0</occluded>
<bndbox><xmin>0</xmin><xmax>6</xmax><ymin>0</ymin><ymax>17</ymax></bndbox>
</object>
</annotation>