<annotation>
<folder></folder>
<filename>1987 Sichuan pre-earthquake_patch_6944_4480.jpg</filename>
<path>1987 Sichuan pre-earthquake_patch_6944_4480.jpg</path>
<source>
<database></database>
</source>
<size>
<width>224</width>
<height>224</height>
<depth>3</depth>
</size>
<segmented>0</segmented>
<object>
<name>landslides</name>
<pose>Unspecified</pose>
<truncated>0</truncated>
<difficult>0</difficult>
<occluded>0</occluded>
<bndbox><xmin>202</xmin><xmax>223</xmax><ymin>144</ymin><ymax>160</ymax></bndbox>
</object>
<object>
<name>landslides</name>
<pose>Unspecified</pose>
<truncated>0</truncated>
<difficult>0</difficult>
<occluded>0</occluded>
<bndbox><xmin>199</xmin><xmax>218</xmax><ymin>164</ymin><ymax>171</ymax></bndbox>
</object>
<object>
<name>landslides</name>
<pose>Unspecified</pose>
<truncated>0</truncated>
<difficult>0</difficult>
<occluded>0</occluded>
<bndbox><xmin>203</xmin><xmax>222</xmax><ymin>157</ymin><ymax>166</ymax></bndbox>
</object>
<object>
<name>landslides</name>
<pose>Unspecified</pose>
<truncated>0</truncated>
<difficult>0</difficult>
<occluded>0</occluded>
<bndbox><xmin>155</xmin><xmax>167</xmax><ymin>95</ymin><ymax>106</ymax></bndbox>
</object>
</annotation>