<annotation>
<folder></folder>
<filename>1987 Sichuan pre-earthquake_patch_3584_7168.jpg</filename>
<path>1987 Sichuan pre-earthquake_patch_3584_7168.jpg</path>
<source>
<database></database>
</source>
<size>
<width>224</width>
<height>224</height>
<depth>3</depth>
</size>
<segmented>0</segmented>
<object>
<name>landslides</name>
<pose>Unspecified</pose>
<truncated>0</truncated>
<difficult>0</difficult>
<occluded>0</occluded>
<bndbox><xmin>138</xmin><xmax>152</xmax><ymin>145</ymin><ymax>158</ymax></bndbox>
</object>
<object>
<name>landslides</name>
<pose>Unspecified</pose>
<truncated>0</truncated>
<difficult>0</difficult>
<occluded>0</occluded>
<bndbox><xmin>117</xmin><xmax>129</xmax><ymin>202</ymin><ymax>214</ymax></bndbox>
</object>
<object>
<name>landslides</name>
<pose>Unspecified</pose>
<truncated>0</truncated>
<difficult>0</difficult>
<occluded>0</occluded>
<bndbox><xmin>205</xmin><xmax>224</xmax><ymin>72</ymin><ymax>93</ymax></bndbox>
</object>
<object>
<name>landslides</name>
<pose>Unspecified</pose>
<truncated>0</truncated>
<difficult>0</difficult>
<occluded>0</occluded>
<bndbox><xmin>204</xmin><xmax>219</xmax><ymin>10</ymin><ymax>19</ymax></bndbox>
</object>
<object>
<name>landslides</name>
<pose>Unspecified</pose>
<truncated>0</truncated>
<difficult>0</difficult>
<occluded>0</occluded>
<bndbox><xmin>206</xmin><xmax>221</xmax><ymin>16</ymin><ymax>26</ymax></bndbox>
</object>
<object>
<name>landslides</name>
<pose>Unspecified</pose>
<truncated>0</truncated>
<difficult>0</difficult>
<occluded>0</occluded>
<bndbox><xmin>184</xmin><xmax>204</xmax><ymin>70</ymin><ymax>80</ymax></bndbox>
</object>
<object>
<name>landslides</name>
<pose>Unspecified</pose>
<truncated>0</truncated>
<difficult>0</difficult>
<occluded>0</occluded>
<bndbox><xmin>197</xmin><xmax>221</xmax><ymin>64</ymin><ymax>69</ymax></bndbox>
</object>
<object>
<name>landslides</name>
<pose>Unspecified</pose>
<truncated>0</truncated>
<difficult>0</difficult>
<occluded>0</occluded>
<bndbox><xmin>192</xmin><xmax>209</xmax><ymin>45</ymin><ymax>58</ymax></bndbox>
</object>
<object>
<name>landslides</name>
<pose>Unspecified</pose>
<truncated>0</truncated>
<difficult>0</difficult>
<occluded>0</occluded>
<bndbox><xmin>105</xmin><xmax>114</xmax><ymin>197</ymin><ymax>211</ymax></bndbox>
</object>
</annotation>