<annotation>
<folder></folder>
<filename>1987 Sichuan pre-earthquake_patch_4032_7616.jpg</filename>
<path>1987 Sichuan pre-earthquake_patch_4032_7616.jpg</path>
<source>
<database></database>
</source>
<size>
<width>224</width>
<height>224</height>
<depth>3</depth>
</size>
<segmented>0</segmented>
<object>
<name>landslides</name>
<pose>Unspecified</pose>
<truncated>0</truncated>
<difficult>0</difficult>
<occluded>0</occluded>
<bndbox><xmin>53</xmin><xmax>59</xmax><ymin>8</ymin><ymax>38</ymax></bndbox>
</object>
<object>
<name>landslides</name>
<pose>Unspecified</pose>
<truncated>0</truncated>
<difficult>0</difficult>
<occluded>0</occluded>
<bndbox><xmin>1</xmin><xmax>22</xmax><ymin>35</ymin><ymax>52</ymax></bndbox>
</object>
<object>
<name>landslides</name>
<pose>Unspecified</pose>
<truncated>0</truncated>
<difficult>0</difficult>
<occluded>0</occluded>
<bndbox><xmin>0</xmin><xmax>19</xmax><ymin>11</ymin><ymax>24</ymax></bndbox>
</object>
<object>
<name>landslides</name>
<pose>Unspecified</pose>
<truncated>0</truncated>
<difficult>0</difficult>
<occluded>0</occluded>
<bndbox><xmin>2</xmin><xmax>14</xmax><ymin>0</ymin><ymax>9</ymax></bndbox>
</object>
</annotation>