<annotation>
<folder></folder>
<filename>1987 Sichuan pre-earthquake_patch_7392_2016.jpg</filename>
<path>1987 Sichuan pre-earthquake_patch_7392_2016.jpg</path>
<source>
<database></database>
</source>
<size>
<width>224</width>
<height>224</height>
<depth>3</depth>
</size>
<segmented>0</segmented>
<object>
<name>landslides</name>
<pose>Unspecified</pose>
<truncated>0</truncated>
<difficult>0</difficult>
<occluded>0</occluded>
<bndbox><xmin>92</xmin><xmax>111</xmax><ymin>40</ymin><ymax>53</ymax></bndbox>
</object>
</annotation>