<annotation>
<folder></folder>
<filename>1987 Sichuan pre-earthquake_patch_4256_6720.jpg</filename>
<path>1987 Sichuan pre-earthquake_patch_4256_6720.jpg</path>
<source>
<database></database>
</source>
<size>
<width>224</width>
<height>224</height>
<depth>3</depth>
</size>
<segmented>0</segmented>
<object>
<name>landslides</name>
<pose>Unspecified</pose>
<truncated>0</truncated>
<difficult>0</difficult>
<occluded>0</occluded>
<bndbox><xmin>38</xmin><xmax>59</xmax><ymin>189</ymin><ymax>195</ymax></bndbox>
</object>
<object>
<name>landslides</name>
<pose>Unspecified</pose>
<truncated>0</truncated>
<difficult>0</difficult>
<occluded>0</occluded>
<bndbox><xmin>182</xmin><xmax>196</xmax><ymin>68</ymin><ymax>80</ymax></bndbox>
</object>
<object>
<name>landslides</name>
<pose>Unspecified</pose>
<truncated>0</truncated>
<difficult>0</difficult>
<occluded>0</occluded>
<bndbox><xmin>180</xmin><xmax>194</xmax><ymin>76</ymin><ymax>91</ymax></bndbox>
</object>
<object>
<name>landslides</name>
<pose>Unspecified</pose>
<truncated>0</truncated>
<difficult>0</difficult>
<occluded>0</occluded>
<bndbox><xmin>154</xmin><xmax>171</xmax><ymin>137</ymin><ymax>152</ymax></bndbox>
</object>
<object>
<name>landslides</name>
<pose>Unspecified</pose>
<truncated>0</truncated>
<difficult>0</difficult>
<occluded>0</occluded>
<bndbox><xmin>204</xmin><xmax>209</xmax><ymin>47</ymin><ymax>68</ymax></bndbox>
</object>
</annotation>