<annotation>
<folder></folder>
<filename>1987 Sichuan pre-earthquake_patch_3808_6272.jpg</filename>
<path>1987 Sichuan pre-earthquake_patch_3808_6272.jpg</path>
<source>
<database></database>
</source>
<size>
<width>224</width>
<height>224</height>
<depth>3</depth>
</size>
<segmented>0</segmented>
<object>
<name>landslides</name>
<pose>Unspecified</pose>
<truncated>0</truncated>
<difficult>0</difficult>
<occluded>0</occluded>
<bndbox><xmin>3</xmin><xmax>39</xmax><ymin>0</ymin><ymax>20</ymax></bndbox>
</object>
<object>
<name>landslides</name>
<pose>Unspecified</pose>
<truncated>0</truncated>
<difficult>0</difficult>
<occluded>0</occluded>
<bndbox><xmin>178</xmin><xmax>190</xmax><ymin>153</ymin><ymax>162</ymax></bndbox>
</object>
</annotation>