<annotation>
<folder></folder>
<filename>1987 Sichuan pre-earthquake_patch_6944_3808.jpg</filename>
<path>1987 Sichuan pre-earthquake_patch_6944_3808.jpg</path>
<source>
<database></database>
</source>
<size>
<width>224</width>
<height>224</height>
<depth>3</depth>
</size>
<segmented>0</segmented>
<object>
<name>landslides</name>
<pose>Unspecified</pose>
<truncated>0</truncated>
<difficult>0</difficult>
<occluded>0</occluded>
<bndbox><xmin>88</xmin><xmax>105</xmax><ymin>90</ymin><ymax>144</ymax></bndbox>
</object>
<object>
<name>landslides</name>
<pose>Unspecified</pose>
<truncated>0</truncated>
<difficult>0</difficult>
<occluded>0</occluded>
<bndbox><xmin>15</xmin><xmax>31</xmax><ymin>85</ymin><ymax>96</ymax></bndbox>
</object>
<object>
<name>landslides</name>
<pose>Unspecified</pose>
<truncated>0</truncated>
<difficult>0</difficult>
<occluded>0</occluded>
<bndbox><xmin>23</xmin><xmax>34</xmax><ymin>61</ymin><ymax>72</ymax></bndbox>
</object>
<object>
<name>landslides</name>
<pose>Unspecified</pose>
<truncated>0</truncated>
<difficult>0</difficult>
<occluded>0</occluded>
<bndbox><xmin>203</xmin><xmax>211</xmax><ymin>204</ymin><ymax>217</ymax></bndbox>
</object>
<object>
<name>landslides</name>
<pose>Unspecified</pose>
<truncated>0</truncated>
<difficult>0</difficult>
<occluded>0</occluded>
<bndbox><xmin>92</xmin><xmax>101</xmax><ymin>205</ymin><ymax>219</ymax></bndbox>
</object>
<object>
<name>landslides</name>
<pose>Unspecified</pose>
<truncated>0</truncated>
<difficult>0</difficult>
<occluded>0</occluded>
<bndbox><xmin>106</xmin><xmax>116</xmax><ymin>189</ymin><ymax>199</ymax></bndbox>
</object>
<object>
<name>landslides</name>
<pose>Unspecified</pose>
<truncated>0</truncated>
<difficult>0</difficult>
<occluded>0</occluded>
<bndbox><xmin>75</xmin><xmax>89</xmax><ymin>206</ymin><ymax>222</ymax></bndbox>
</object>
<object>
<name>landslides</name>
<pose>Unspecified</pose>
<truncated>0</truncated>
<difficult>0</difficult>
<occluded>0</occluded>
<bndbox><xmin>64</xmin><xmax>72</xmax><ymin>206</ymin><ymax>222</ymax></bndbox>
</object>
</annotation>