<annotation>
<folder></folder>
<filename>1987 Sichuan pre-earthquake_patch_3584_7392.jpg</filename>
<path>1987 Sichuan pre-earthquake_patch_3584_7392.jpg</path>
<source>
<database></database>
</source>
<size>
<width>224</width>
<height>224</height>
<depth>3</depth>
</size>
<segmented>0</segmented>
<object>
<name>landslides</name>
<pose>Unspecified</pose>
<truncated>0</truncated>
<difficult>0</difficult>
<occluded>0</occluded>
<bndbox><xmin>194</xmin><xmax>203</xmax><ymin>73</ymin><ymax>89</ymax></bndbox>
</object>
<object>
<name>landslides</name>
<pose>Unspecified</pose>
<truncated>0</truncated>
<difficult>0</difficult>
<occluded>0</occluded>
<bndbox><xmin>118</xmin><xmax>140</xmax><ymin>11</ymin><ymax>22</ymax></bndbox>
</object>
<object>
<name>landslides</name>
<pose>Unspecified</pose>
<truncated>0</truncated>
<difficult>0</difficult>
<occluded>0</occluded>
<bndbox><xmin>128</xmin><xmax>159</xmax><ymin>28</ymin><ymax>49</ymax></bndbox>
</object>
<object>
<name>landslides</name>
<pose>Unspecified</pose>
<truncated>0</truncated>
<difficult>0</difficult>
<occluded>0</occluded>
<bndbox><xmin>101</xmin><xmax>131</xmax><ymin>69</ymin><ymax>86</ymax></bndbox>
</object>
</annotation>