<annotation>
<folder></folder>
<filename>1987 Sichuan pre-earthquake_patch_3136_5600.jpg</filename>
<path>1987 Sichuan pre-earthquake_patch_3136_5600.jpg</path>
<source>
<database></database>
</source>
<size>
<width>224</width>
<height>224</height>
<depth>3</depth>
</size>
<segmented>0</segmented>
<object>
<name>landslides</name>
<pose>Unspecified</pose>
<truncated>0</truncated>
<difficult>0</difficult>
<occluded>0</occluded>
<bndbox><xmin>166</xmin><xmax>182</xmax><ymin>66</ymin><ymax>115</ymax></bndbox>
</object>
<object>
<name>landslides</name>
<pose>Unspecified</pose>
<truncated>0</truncated>
<difficult>0</difficult>
<occluded>0</occluded>
<bndbox><xmin>180</xmin><xmax>211</xmax><ymin>64</ymin><ymax>98</ymax></bndbox>
</object>
<object>
<name>landslides</name>
<pose>Unspecified</pose>
<truncated>0</truncated>
<difficult>0</difficult>
<occluded>0</occluded>
<bndbox><xmin>181</xmin><xmax>202</xmax><ymin>71</ymin><ymax>108</ymax></bndbox>
</object>
<object>
<name>landslides</name>
<pose>Unspecified</pose>
<truncated>0</truncated>
<difficult>0</difficult>
<occluded>0</occluded>
<bndbox><xmin>181</xmin><xmax>196</xmax><ymin>79</ymin><ymax>108</ymax></bndbox>
</object>
</annotation>