<annotation>
<folder></folder>
<filename>1987 Sichuan pre-earthquake_patch_8512_672.jpg</filename>
<path>1987 Sichuan pre-earthquake_patch_8512_672.jpg</path>
<source>
<database></database>
</source>
<size>
<width>224</width>
<height>224</height>
<depth>3</depth>
</size>
<segmented>0</segmented>
<object>
<name>landslides</name>
<pose>Unspecified</pose>
<truncated>0</truncated>
<difficult>0</difficult>
<occluded>0</occluded>
<bndbox><xmin>157</xmin><xmax>167</xmax><ymin>200</ymin><ymax>212</ymax></bndbox>
</object>
<object>
<name>landslides</name>
<pose>Unspecified</pose>
<truncated>0</truncated>
<difficult>0</difficult>
<occluded>0</occluded>
<bndbox><xmin>37</xmin><xmax>49</xmax><ymin>139</ymin><ymax>149</ymax></bndbox>
</object>
<object>
<name>landslides</name>
<pose>Unspecified</pose>
<truncated>0</truncated>
<difficult>0</difficult>
<occluded>0</occluded>
<bndbox><xmin>166</xmin><xmax>177</xmax><ymin>91</ymin><ymax>107</ymax></bndbox>
</object>
</annotation>