<annotation>
<folder></folder>
<filename>1987 Sichuan pre-earthquake_patch_3808_7616.jpg</filename>
<path>1987 Sichuan pre-earthquake_patch_3808_7616.jpg</path>
<source>
<database></database>
</source>
<size>
<width>224</width>
<height>224</height>
<depth>3</depth>
</size>
<segmented>0</segmented>
<object>
<name>landslides</name>
<pose>Unspecified</pose>
<truncated>0</truncated>
<difficult>0</difficult>
<occluded>0</occluded>
<bndbox><xmin>164</xmin><xmax>178</xmax><ymin>53</ymin><ymax>65</ymax></bndbox>
</object>
<object>
<name>landslides</name>
<pose>Unspecified</pose>
<truncated>0</truncated>
<difficult>0</difficult>
<occluded>0</occluded>
<bndbox><xmin>183</xmin><xmax>211</xmax><ymin>0</ymin><ymax>5</ymax></bndbox>
</object>
</annotation>