<annotation>
<folder></folder>
<filename>1987 Sichuan pre-earthquake_patch_4704_6048.jpg</filename>
<path>1987 Sichuan pre-earthquake_patch_4704_6048.jpg</path>
<source>
<database></database>
</source>
<size>
<width>224</width>
<height>224</height>
<depth>3</depth>
</size>
<segmented>0</segmented>
<object>
<name>landslides</name>
<pose>Unspecified</pose>
<truncated>0</truncated>
<difficult>0</difficult>
<occluded>0</occluded>
<bndbox><xmin>132</xmin><xmax>142</xmax><ymin>58</ymin><ymax>70</ymax></bndbox>
</object>
<object>
<name>landslides</name>
<pose>Unspecified</pose>
<truncated>0</truncated>
<difficult>0</difficult>
<occluded>0</occluded>
<bndbox><xmin>108</xmin><xmax>116</xmax><ymin>44</ymin><ymax>57</ymax></bndbox>
</object>
</annotation>