<annotation>
<folder></folder>
<filename>1987 Sichuan pre-earthquake_patch_7168_3136.jpg</filename>
<path>1987 Sichuan pre-earthquake_patch_7168_3136.jpg</path>
<source>
<database></database>
</source>
<size>
<width>224</width>
<height>224</height>
<depth>3</depth>
</size>
<segmented>0</segmented>
<object>
<name>landslides</name>
<pose>Unspecified</pose>
<truncated>0</truncated>
<difficult>0</difficult>
<occluded>0</occluded>
<bndbox><xmin>21</xmin><xmax>39</xmax><ymin>115</ymin><ymax>123</ymax></bndbox>
</object>
<object>
<name>landslides</name>
<pose>Unspecified</pose>
<truncated>0</truncated>
<difficult>0</difficult>
<occluded>0</occluded>
<bndbox><xmin>123</xmin><xmax>144</xmax><ymin>129</ymin><ymax>138</ymax></bndbox>
</object>
</annotation>