<annotation>
<folder></folder>
<filename>1987 Sichuan pre-earthquake_patch_2240_6720.jpg</filename>
<path>1987 Sichuan pre-earthquake_patch_2240_6720.jpg</path>
<source>
<database></database>
</source>
<size>
<width>224</width>
<height>224</height>
<depth>3</depth>
</size>
<segmented>0</segmented>
<object>
<name>landslides</name>
<pose>Unspecified</pose>
<truncated>0</truncated>
<difficult>0</difficult>
<occluded>0</occluded>
<bndbox><xmin>0</xmin><xmax>17</xmax><ymin>198</ymin><ymax>207</ymax></bndbox>
</object>
<object>
<name>landslides</name>
<pose>Unspecified</pose>
<truncated>0</truncated>
<difficult>0</difficult>
<occluded>0</occluded>
<bndbox><xmin>72</xmin><xmax>98</xmax><ymin>14</ymin><ymax>23</ymax></bndbox>
</object>
<object>
<name>landslides</name>
<pose>Unspecified</pose>
<truncated>0</truncated>
<difficult>0</difficult>
<occluded>0</occluded>
<bndbox><xmin>28</xmin><xmax>44</xmax><ymin>32</ymin><ymax>45</ymax></bndbox>
</object>
</annotation>