<annotation>
<folder></folder>
<filename>1987 Sichuan pre-earthquake_patch_8064_2240.jpg</filename>
<path>1987 Sichuan pre-earthquake_patch_8064_2240.jpg</path>
<source>
<database></database>
</source>
<size>
<width>224</width>
<height>224</height>
<depth>3</depth>
</size>
<segmented>0</segmented>
<object>
<name>landslides</name>
<pose>Unspecified</pose>
<truncated>0</truncated>
<difficult>0</difficult>
<occluded>0</occluded>
<bndbox><xmin>0</xmin><xmax>18</xmax><ymin>183</ymin><ymax>189</ymax></bndbox>
</object>
<object>
<name>landslides</name>
<pose>Unspecified</pose>
<truncated>0</truncated>
<difficult>0</difficult>
<occluded>0</occluded>
<bndbox><xmin>127</xmin><xmax>141</xmax><ymin>211</ymin><ymax>219</ymax></bndbox>
</object>
<object>
<name>landslides</name>
<pose>Unspecified</pose>
<truncated>0</truncated>
<difficult>0</difficult>
<occluded>0</occluded>
<bndbox><xmin>128</xmin><xmax>143</xmax><ymin>38</ymin><ymax>47</ymax></bndbox>
</object>
</annotation>