<annotation>
<folder></folder>
<filename>1987 Sichuan pre-earthquake_patch_2464_6944.jpg</filename>
<path>1987 Sichuan pre-earthquake_patch_2464_6944.jpg</path>
<source>
<database></database>
</source>
<size>
<width>224</width>
<height>224</height>
<depth>3</depth>
</size>
<segmented>0</segmented>
<object>
<name>landslides</name>
<pose>Unspecified</pose>
<truncated>0</truncated>
<difficult>0</difficult>
<occluded>0</occluded>
<bndbox><xmin>3</xmin><xmax>13</xmax><ymin>208</ymin><ymax>218</ymax></bndbox>
</object>
<object>
<name>landslides</name>
<pose>Unspecified</pose>
<truncated>0</truncated>
<difficult>0</difficult>
<occluded>0</occluded>
<bndbox><xmin>0</xmin><xmax>18</xmax><ymin>198</ymin><ymax>212</ymax></bndbox>
</object>
</annotation>