<annotation>
<folder></folder>
<filename>1987 Sichuan pre-earthquake_patch_2912_6720.jpg</filename>
<path>1987 Sichuan pre-earthquake_patch_2912_6720.jpg</path>
<source>
<database></database>
</source>
<size>
<width>224</width>
<height>224</height>
<depth>3</depth>
</size>
<segmented>0</segmented>
<object>
<name>landslides</name>
<pose>Unspecified</pose>
<truncated>0</truncated>
<difficult>0</difficult>
<occluded>0</occluded>
<bndbox><xmin>113</xmin><xmax>132</xmax><ymin>201</ymin><ymax>211</ymax></bndbox>
</object>
<object>
<name>landslides</name>
<pose>Unspecified</pose>
<truncated>0</truncated>
<difficult>0</difficult>
<occluded>0</occluded>
<bndbox><xmin>53</xmin><xmax>72</xmax><ymin>108</ymin><ymax>133</ymax></bndbox>
</object>
<object>
<name>landslides</name>
<pose>Unspecified</pose>
<truncated>0</truncated>
<difficult>0</difficult>
<occluded>0</occluded>
<bndbox><xmin>59</xmin><xmax>78</xmax><ymin>113</ymin><ymax>133</ymax></bndbox>
</object>
<object>
<name>landslides</name>
<pose>Unspecified</pose>
<truncated>0</truncated>
<difficult>0</difficult>
<occluded>0</occluded>
<bndbox><xmin>106</xmin><xmax>119</xmax><ymin>132</ymin><ymax>147</ymax></bndbox>
</object>
<object>
<name>landslides</name>
<pose>Unspecified</pose>
<truncated>0</truncated>
<difficult>0</difficult>
<occluded>0</occluded>
<bndbox><xmin>129</xmin><xmax>148</xmax><ymin>178</ymin><ymax>185</ymax></bndbox>
</object>
<object>
<name>landslides</name>
<pose>Unspecified</pose>
<truncated>0</truncated>
<difficult>0</difficult>
<occluded>0</occluded>
<bndbox><xmin>90</xmin><xmax>104</xmax><ymin>129</ymin><ymax>154</ymax></bndbox>
</object>
<object>
<name>landslides</name>
<pose>Unspecified</pose>
<truncated>0</truncated>
<difficult>0</difficult>
<occluded>0</occluded>
<bndbox><xmin>122</xmin><xmax>146</xmax><ymin>83</ymin><ymax>90</ymax></bndbox>
</object>
</annotation>