<annotation>
<folder></folder>
<filename>1987 Sichuan pre-earthquake_patch_3808_6496.jpg</filename>
<path>1987 Sichuan pre-earthquake_patch_3808_6496.jpg</path>
<source>
<database></database>
</source>
<size>
<width>224</width>
<height>224</height>
<depth>3</depth>
</size>
<segmented>0</segmented>
<object>
<name>landslides</name>
<pose>Unspecified</pose>
<truncated>0</truncated>
<difficult>0</difficult>
<occluded>0</occluded>
<bndbox><xmin>63</xmin><xmax>100</xmax><ymin>185</ymin><ymax>213</ymax></bndbox>
</object>
<object>
<name>landslides</name>
<pose>Unspecified</pose>
<truncated>0</truncated>
<difficult>0</difficult>
<occluded>0</occluded>
<bndbox><xmin>85</xmin><xmax>100</xmax><ymin>193</ymin><ymax>200</ymax></bndbox>
</object>
</annotation>