<annotation>
<folder></folder>
<filename>1987 Sichuan pre-earthquake_patch_7616_3808.jpg</filename>
<path>1987 Sichuan pre-earthquake_patch_7616_3808.jpg</path>
<source>
<database></database>
</source>
<size>
<width>224</width>
<height>224</height>
<depth>3</depth>
</size>
<segmented>0</segmented>
<object>
<name>landslides</name>
<pose>Unspecified</pose>
<truncated>0</truncated>
<difficult>0</difficult>
<occluded>0</occluded>
<bndbox><xmin>199</xmin><xmax>217</xmax><ymin>17</ymin><ymax>26</ymax></bndbox>
</object>
</annotation>