<annotation>
<folder></folder>
<filename>1987 Sichuan pre-earthquake_patch_8064_0.jpg</filename>
<path>1987 Sichuan pre-earthquake_patch_8064_0.jpg</path>
<source>
<database></database>
</source>
<size>
<width>224</width>
<height>224</height>
<depth>3</depth>
</size>
<segmented>0</segmented>
<object>
<name>landslides</name>
<pose>Unspecified</pose>
<truncated>0</truncated>
<difficult>0</difficult>
<occluded>0</occluded>
<bndbox><xmin>148</xmin><xmax>161</xmax><ymin>106</ymin><ymax>118</ymax></bndbox>
</object>
<object>
<name>landslides</name>
<pose>Unspecified</pose>
<truncated>0</truncated>
<difficult>0</difficult>
<occluded>0</occluded>
<bndbox><xmin>135</xmin><xmax>154</xmax><ymin>146</ymin><ymax>161</ymax></bndbox>
</object>
<object>
<name>landslides</name>
<pose>Unspecified</pose>
<truncated>0</truncated>
<difficult>0</difficult>
<occluded>0</occluded>
<bndbox><xmin>185</xmin><xmax>198</xmax><ymin>146</ymin><ymax>155</ymax></bndbox>
</object>
<object>
<name>landslides</name>
<pose>Unspecified</pose>
<truncated>0</truncated>
<difficult>0</difficult>
<occluded>0</occluded>
<bndbox><xmin>34</xmin><xmax>48</xmax><ymin>124</ymin><ymax>139</ymax></bndbox>
</object>
<object>
<name>landslides</name>
<pose>Unspecified</pose>
<truncated>0</truncated>
<difficult>0</difficult>
<occluded>0</occluded>
<bndbox><xmin>94</xmin><xmax>108</xmax><ymin>148</ymin><ymax>163</ymax></bndbox>
</object>
<object>
<name>landslides</name>
<pose>Unspecified</pose>
<truncated>0</truncated>
<difficult>0</difficult>
<occluded>0</occluded>
<bndbox><xmin>92</xmin><xmax>103</xmax><ymin>145</ymin><ymax>159</ymax></bndbox>
</object>
<object>
<name>landslides</name>
<pose>Unspecified</pose>
<truncated>0</truncated>
<difficult>0</difficult>
<occluded>0</occluded>
<bndbox><xmin>25</xmin><xmax>52</xmax><ymin>104</ymin><ymax>133</ymax></bndbox>
</object>
<object>
<name>landslides</name>
<pose>Unspecified</pose>
<truncated>0</truncated>
<difficult>0</difficult>
<occluded>0</occluded>
<bndbox><xmin>89</xmin><xmax>103</xmax><ymin>215</ymin><ymax>224</ymax></bndbox>
</object>
</annotation>