<annotation>
<folder></folder>
<filename>1987 Sichuan pre-earthquake_patch_6944_4256.jpg</filename>
<path>1987 Sichuan pre-earthquake_patch_6944_4256.jpg</path>
<source>
<database></database>
</source>
<size>
<width>224</width>
<height>224</height>
<depth>3</depth>
</size>
<segmented>0</segmented>
<object>
<name>landslides</name>
<pose>Unspecified</pose>
<truncated>0</truncated>
<difficult>0</difficult>
<occluded>0</occluded>
<bndbox><xmin>197</xmin><xmax>219</xmax><ymin>40</ymin><ymax>48</ymax></bndbox>
</object>
<object>
<name>landslides</name>
<pose>Unspecified</pose>
<truncated>0</truncated>
<difficult>0</difficult>
<occluded>0</occluded>
<bndbox><xmin>0</xmin><xmax>14</xmax><ymin>203</ymin><ymax>214</ymax></bndbox>
</object>
<object>
<name>landslides</name>
<pose>Unspecified</pose>
<truncated>0</truncated>
<difficult>0</difficult>
<occluded>0</occluded>
<bndbox><xmin>90</xmin><xmax>115</xmax><ymin>37</ymin><ymax>44</ymax></bndbox>
</object>
</annotation>