<annotation>
<folder></folder>
<filename>1987 Sichuan pre-earthquake_patch_3584_5824.jpg</filename>
<path>1987 Sichuan pre-earthquake_patch_3584_5824.jpg</path>
<source>
<database></database>
</source>
<size>
<width>224</width>
<height>224</height>
<depth>3</depth>
</size>
<segmented>0</segmented>
<object>
<name>landslides</name>
<pose>Unspecified</pose>
<truncated>0</truncated>
<difficult>0</difficult>
<occluded>0</occluded>
<bndbox><xmin>37</xmin><xmax>49</xmax><ymin>184</ymin><ymax>196</ymax></bndbox>
</object>
<object>
<name>landslides</name>
<pose>Unspecified</pose>
<truncated>0</truncated>
<difficult>0</difficult>
<occluded>0</occluded>
<bndbox><xmin>155</xmin><xmax>173</xmax><ymin>101</ymin><ymax>117</ymax></bndbox>
</object>
</annotation>