<annotation>
<folder></folder>
<filename>1987 Sichuan pre-earthquake_patch_3584_5600.jpg</filename>
<path>1987 Sichuan pre-earthquake_patch_3584_5600.jpg</path>
<source>
<database></database>
</source>
<size>
<width>224</width>
<height>224</height>
<depth>3</depth>
</size>
<segmented>0</segmented>
<object>
<name>landslides</name>
<pose>Unspecified</pose>
<truncated>0</truncated>
<difficult>0</difficult>
<occluded>0</occluded>
<bndbox><xmin>121</xmin><xmax>175</xmax><ymin>44</ymin><ymax>80</ymax></bndbox>
</object>
<object>
<name>landslides</name>
<pose>Unspecified</pose>
<truncated>0</truncated>
<difficult>0</difficult>
<occluded>0</occluded>
<bndbox><xmin>139</xmin><xmax>156</xmax><ymin>35</ymin><ymax>42</ymax></bndbox>
</object>
<object>
<name>landslides</name>
<pose>Unspecified</pose>
<truncated>0</truncated>
<difficult>0</difficult>
<occluded>0</occluded>
<bndbox><xmin>133</xmin><xmax>168</xmax><ymin>39</ymin><ymax>51</ymax></bndbox>
</object>
<object>
<name>landslides</name>
<pose>Unspecified</pose>
<truncated>0</truncated>
<difficult>0</difficult>
<occluded>0</occluded>
<bndbox><xmin>38</xmin><xmax>51</xmax><ymin>10</ymin><ymax>29</ymax></bndbox>
</object>
<object>
<name>landslides</name>
<pose>Unspecified</pose>
<truncated>0</truncated>
<difficult>0</difficult>
<occluded>0</occluded>
<bndbox><xmin>178</xmin><xmax>189</xmax><ymin>147</ymin><ymax>184</ymax></bndbox>
</object>
<object>
<name>landslides</name>
<pose>Unspecified</pose>
<truncated>0</truncated>
<difficult>0</difficult>
<occluded>0</occluded>
<bndbox><xmin>186</xmin><xmax>195</xmax><ymin>146</ymin><ymax>181</ymax></bndbox>
</object>
</annotation>