<annotation>
<folder></folder>
<filename>1987 Sichuan pre-earthquake_patch_7168_3360.jpg</filename>
<path>1987 Sichuan pre-earthquake_patch_7168_3360.jpg</path>
<source>
<database></database>
</source>
<size>
<width>224</width>
<height>224</height>
<depth>3</depth>
</size>
<segmented>0</segmented>
<object>
<name>landslides</name>
<pose>Unspecified</pose>
<truncated>0</truncated>
<difficult>0</difficult>
<occluded>0</occluded>
<bndbox><xmin>42</xmin><xmax>57</xmax><ymin>181</ymin><ymax>192</ymax></bndbox>
</object>
<object>
<name>landslides</name>
<pose>Unspecified</pose>
<truncated>0</truncated>
<difficult>0</difficult>
<occluded>0</occluded>
<bndbox><xmin>111</xmin><xmax>126</xmax><ymin>160</ymin><ymax>181</ymax></bndbox>
</object>
<object>
<name>landslides</name>
<pose>Unspecified</pose>
<truncated>0</truncated>
<difficult>0</difficult>
<occluded>0</occluded>
<bndbox><xmin>116</xmin><xmax>127</xmax><ymin>29</ymin><ymax>45</ymax></bndbox>
</object>
</annotation>