<annotation>
<folder></folder>
<filename>1987 Sichuan pre-earthquake_patch_7840_224.jpg</filename>
<path>1987 Sichuan pre-earthquake_patch_7840_224.jpg</path>
<source>
<database></database>
</source>
<size>
<width>224</width>
<height>224</height>
<depth>3</depth>
</size>
<segmented>0</segmented>
<object>
<name>landslides</name>
<pose>Unspecified</pose>
<truncated>0</truncated>
<difficult>0</difficult>
<occluded>0</occluded>
<bndbox><xmin>164</xmin><xmax>183</xmax><ymin>209</ymin><ymax>217</ymax></bndbox>
</object>
<object>
<name>landslides</name>
<pose>Unspecified</pose>
<truncated>0</truncated>
<difficult>0</difficult>
<occluded>0</occluded>
<bndbox><xmin>161</xmin><xmax>192</xmax><ymin>214</ymin><ymax>224</ymax></bndbox>
</object>
<object>
<name>landslides</name>
<pose>Unspecified</pose>
<truncated>0</truncated>
<difficult>0</difficult>
<occluded>0</occluded>
<bndbox><xmin>10</xmin><xmax>22</xmax><ymin>91</ymin><ymax>102</ymax></bndbox>
</object>
<object>
<name>landslides</name>
<pose>Unspecified</pose>
<truncated>0</truncated>
<difficult>0</difficult>
<occluded>0</occluded>
<bndbox><xmin>165</xmin><xmax>182</xmax><ymin>152</ymin><ymax>167</ymax></bndbox>
</object>
<object>
<name>landslides</name>
<pose>Unspecified</pose>
<truncated>0</truncated>
<difficult>0</difficult>
<occluded>0</occluded>
<bndbox><xmin>162</xmin><xmax>191</xmax><ymin>153</ymin><ymax>170</ymax></bndbox>
</object>
<object>
<name>landslides</name>
<pose>Unspecified</pose>
<truncated>0</truncated>
<difficult>0</difficult>
<occluded>0</occluded>
<bndbox><xmin>52</xmin><xmax>59</xmax><ymin>58</ymin><ymax>79</ymax></bndbox>
</object>
<object>
<name>landslides</name>
<pose>Unspecified</pose>
<truncated>0</truncated>
<difficult>0</difficult>
<occluded>0</occluded>
<bndbox><xmin>199</xmin><xmax>220</xmax><ymin>195</ymin><ymax>204</ymax></bndbox>
</object>
<object>
<name>landslides</name>
<pose>Unspecified</pose>
<truncated>0</truncated>
<difficult>0</difficult>
<occluded>0</occluded>
<bndbox><xmin>191</xmin><xmax>199</xmax><ymin>75</ymin><ymax>89</ymax></bndbox>
</object>
</annotation>