<annotation>
<folder></folder>
<filename>1987 Sichuan pre-earthquake_patch_3808_5600.jpg</filename>
<path>1987 Sichuan pre-earthquake_patch_3808_5600.jpg</path>
<source>
<database></database>
</source>
<size>
<width>224</width>
<height>224</height>
<depth>3</depth>
</size>
<segmented>0</segmented>
<object>
<name>landslides</name>
<pose>Unspecified</pose>
<truncated>0</truncated>
<difficult>0</difficult>
<occluded>0</occluded>
<bndbox><xmin>211</xmin><xmax>224</xmax><ymin>122</ymin><ymax>130</ymax></bndbox>
</object>
<object>
<name>landslides</name>
<pose>Unspecified</pose>
<truncated>0</truncated>
<difficult>0</difficult>
<occluded>0</occluded>
<bndbox><xmin>149</xmin><xmax>199</xmax><ymin>161</ymin><ymax>202</ymax></bndbox>
</object>
</annotation>