<annotation>
<folder></folder>
<filename>1999 chichi earthquake_patch_4256_896.jpg</filename>
<path>1999 chichi earthquake_patch_4256_896.jpg</path>
<source>
<database></database>
</source>
<size>
<width>224</width>
<height>224</height>
<depth>3</depth>
</size>
<segmented>0</segmented>
<object>
<name>landslides</name>
<pose>Unspecified</pose>
<truncated>0</truncated>
<difficult>0</difficult>
<occluded>0</occluded>
<bndbox><xmin>72</xmin><xmax>87</xmax><ymin>110</ymin><ymax>119</ymax></bndbox>
</object>
<object>
<name>landslides</name>
<pose>Unspecified</pose>
<truncated>0</truncated>
<difficult>0</difficult>
<occluded>0</occluded>
<bndbox><xmin>69</xmin><xmax>82</xmax><ymin>108</ymin><ymax>120</ymax></bndbox>
</object>
<object>
<name>landslides</name>
<pose>Unspecified</pose>
<truncated>0</truncated>
<difficult>0</difficult>
<occluded>0</occluded>
<bndbox><xmin>47</xmin><xmax>59</xmax><ymin>131</ymin><ymax>147</ymax></bndbox>
</object>
<object>
<name>landslides</name>
<pose>Unspecified</pose>
<truncated>0</truncated>
<difficult>0</difficult>
<occluded>0</occluded>
<bndbox><xmin>41</xmin><xmax>53</xmax><ymin>55</ymin><ymax>70</ymax></bndbox>
</object>
<object>
<name>landslides</name>
<pose>Unspecified</pose>
<truncated>0</truncated>
<difficult>0</difficult>
<occluded>0</occluded>
<bndbox><xmin>106</xmin><xmax>119</xmax><ymin>132</ymin><ymax>146</ymax></bndbox>
</object>
<object>
<name>landslides</name>
<pose>Unspecified</pose>
<truncated>0</truncated>
<difficult>0</difficult>
<occluded>0</occluded>
<bndbox><xmin>127</xmin><xmax>138</xmax><ymin>60</ymin><ymax>70</ymax></bndbox>
</object>
<object>
<name>landslides</name>
<pose>Unspecified</pose>
<truncated>0</truncated>
<difficult>0</difficult>
<occluded>0</occluded>
<bndbox><xmin>213</xmin><xmax>222</xmax><ymin>15</ymin><ymax>36</ymax></bndbox>
</object>
<object>
<name>landslides</name>
<pose>Unspecified</pose>
<truncated>0</truncated>
<difficult>0</difficult>
<occluded>0</occluded>
<bndbox><xmin>48</xmin><xmax>56</xmax><ymin>55</ymin><ymax>68</ymax></bndbox>
</object>
<object>
<name>landslides</name>
<pose>Unspecified</pose>
<truncated>0</truncated>
<difficult>0</difficult>
<occluded>0</occluded>
<bndbox><xmin>48</xmin><xmax>59</xmax><ymin>63</ymin><ymax>75</ymax></bndbox>
</object>
</annotation>