<annotation>
<folder></folder>
<filename>1999 chichi earthquake_patch_4032_1792.jpg</filename>
<path>1999 chichi earthquake_patch_4032_1792.jpg</path>
<source>
<database></database>
</source>
<size>
<width>224</width>
<height>224</height>
<depth>3</depth>
</size>
<segmented>0</segmented>
<object>
<name>landslides</name>
<pose>Unspecified</pose>
<truncated>0</truncated>
<difficult>0</difficult>
<occluded>0</occluded>
<bndbox><xmin>44</xmin><xmax>56</xmax><ymin>164</ymin><ymax>180</ymax></bndbox>
</object>
<object>
<name>landslides</name>
<pose>Unspecified</pose>
<truncated>0</truncated>
<difficult>0</difficult>
<occluded>0</occluded>
<bndbox><xmin>30</xmin><xmax>39</xmax><ymin>101</ymin><ymax>114</ymax></bndbox>
</object>
</annotation>