<annotation>
<folder></folder>
<filename>1999 chichi earthquake_patch_3584_1120.jpg</filename>
<path>1999 chichi earthquake_patch_3584_1120.jpg</path>
<source>
<database></database>
</source>
<size>
<width>224</width>
<height>224</height>
<depth>3</depth>
</size>
<segmented>0</segmented>
<object>
<name>landslides</name>
<pose>Unspecified</pose>
<truncated>0</truncated>
<difficult>0</difficult>
<occluded>0</occluded>
<bndbox><xmin>42</xmin><xmax>54</xmax><ymin>93</ymin><ymax>114</ymax></bndbox>
</object>
<object>
<name>landslides</name>
<pose>Unspecified</pose>
<truncated>0</truncated>
<difficult>0</difficult>
<occluded>0</occluded>
<bndbox><xmin>108</xmin><xmax>121</xmax><ymin>98</ymin><ymax>106</ymax></bndbox>
</object>
<object>
<name>landslides</name>
<pose>Unspecified</pose>
<truncated>0</truncated>
<difficult>0</difficult>
<occluded>0</occluded>
<bndbox><xmin>113</xmin><xmax>128</xmax><ymin>51</ymin><ymax>66</ymax></bndbox>
</object>
<object>
<name>landslides</name>
<pose>Unspecified</pose>
<truncated>0</truncated>
<difficult>0</difficult>
<occluded>0</occluded>
<bndbox><xmin>116</xmin><xmax>129</xmax><ymin>48</ymin><ymax>56</ymax></bndbox>
</object>
<object>
<name>landslides</name>
<pose>Unspecified</pose>
<truncated>0</truncated>
<difficult>0</difficult>
<occluded>0</occluded>
<bndbox><xmin>127</xmin><xmax>140</xmax><ymin>149</ymin><ymax>159</ymax></bndbox>
</object>
<object>
<name>landslides</name>
<pose>Unspecified</pose>
<truncated>0</truncated>
<difficult>0</difficult>
<occluded>0</occluded>
<bndbox><xmin>112</xmin><xmax>129</xmax><ymin>0</ymin><ymax>7</ymax></bndbox>
</object>
<object>
<name>landslides</name>
<pose>Unspecified</pose>
<truncated>0</truncated>
<difficult>0</difficult>
<occluded>0</occluded>
<bndbox><xmin>112</xmin><xmax>128</xmax><ymin>9</ymin><ymax>26</ymax></bndbox>
</object>
<object>
<name>landslides</name>
<pose>Unspecified</pose>
<truncated>0</truncated>
<difficult>0</difficult>
<occluded>0</occluded>
<bndbox><xmin>116</xmin><xmax>136</xmax><ymin>25</ymin><ymax>39</ymax></bndbox>
</object>
</annotation>