<annotation>
<folder></folder>
<filename>1999 chamoli earthquake_patch_7168_2688.jpg</filename>
<path>1999 chamoli earthquake_patch_7168_2688.jpg</path>
<source>
<database></database>
</source>
<size>
<width>224</width>
<height>224</height>
<depth>3</depth>
</size>
<segmented>0</segmented>
<object>
<name>landslides</name>
<pose>Unspecified</pose>
<truncated>0</truncated>
<difficult>0</difficult>
<occluded>0</occluded>
<bndbox><xmin>98</xmin><xmax>116</xmax><ymin>110</ymin><ymax>119</ymax></bndbox>
</object>
<object>
<name>landslides</name>
<pose>Unspecified</pose>
<truncated>0</truncated>
<difficult>0</difficult>
<occluded>0</occluded>
<bndbox><xmin>84</xmin><xmax>96</xmax><ymin>0</ymin><ymax>14</ymax></bndbox>
</object>
</annotation>