<annotation>
<folder></folder>
<filename>1999 chamoli earthquake_patch_6048_1792.jpg</filename>
<path>1999 chamoli earthquake_patch_6048_1792.jpg</path>
<source>
<database></database>
</source>
<size>
<width>224</width>
<height>224</height>
<depth>3</depth>
</size>
<segmented>0</segmented>
<object>
<name>landslides</name>
<pose>Unspecified</pose>
<truncated>0</truncated>
<difficult>0</difficult>
<occluded>0</occluded>
<bndbox><xmin>50</xmin><xmax>73</xmax><ymin>100</ymin><ymax>117</ymax></bndbox>
</object>
</annotation>