<annotation>
<folder></folder>
<filename>1999 chichi earthquake_patch_4256_1120.jpg</filename>
<path>1999 chichi earthquake_patch_4256_1120.jpg</path>
<source>
<database></database>
</source>
<size>
<width>224</width>
<height>224</height>
<depth>3</depth>
</size>
<segmented>0</segmented>
<object>
<name>landslides</name>
<pose>Unspecified</pose>
<truncated>0</truncated>
<difficult>0</difficult>
<occluded>0</occluded>
<bndbox><xmin>124</xmin><xmax>141</xmax><ymin>115</ymin><ymax>124</ymax></bndbox>
</object>
<object>
<name>landslides</name>
<pose>Unspecified</pose>
<truncated>0</truncated>
<difficult>0</difficult>
<occluded>0</occluded>
<bndbox><xmin>86</xmin><xmax>96</xmax><ymin>57</ymin><ymax>69</ymax></bndbox>
</object>
</annotation>