<annotation>
<folder></folder>
<filename>1999 chamoli earthquake_patch_7840_2688.jpg</filename>
<path>1999 chamoli earthquake_patch_7840_2688.jpg</path>
<source>
<database></database>
</source>
<size>
<width>224</width>
<height>224</height>
<depth>3</depth>
</size>
<segmented>0</segmented>
<object>
<name>landslides</name>
<pose>Unspecified</pose>
<truncated>0</truncated>
<difficult>0</difficult>
<occluded>0</occluded>
<bndbox><xmin>10</xmin><xmax>16</xmax><ymin>22</ymin><ymax>40</ymax></bndbox>
</object>
<object>
<name>landslides</name>
<pose>Unspecified</pose>
<truncated>0</truncated>
<difficult>0</difficult>
<occluded>0</occluded>
<bndbox><xmin>53</xmin><xmax>75</xmax><ymin>188</ymin><ymax>217</ymax></bndbox>
</object>
</annotation>