<annotation>
<folder></folder>
<filename>1999 chamoli earthquake_patch_8288_2912.jpg</filename>
<path>1999 chamoli earthquake_patch_8288_2912.jpg</path>
<source>
<database></database>
</source>
<size>
<width>224</width>
<height>224</height>
<depth>3</depth>
</size>
<segmented>0</segmented>
<object>
<name>landslides</name>
<pose>Unspecified</pose>
<truncated>0</truncated>
<difficult>0</difficult>
<occluded>0</occluded>
<bndbox><xmin>148</xmin><xmax>157</xmax><ymin>13</ymin><ymax>48</ymax></bndbox>
</object>
<object>
<name>landslides</name>
<pose>Unspecified</pose>
<truncated>0</truncated>
<difficult>0</difficult>
<occluded>0</occluded>
<bndbox><xmin>90</xmin><xmax>102</xmax><ymin>155</ymin><ymax>173</ymax></bndbox>
</object>
</annotation>