<annotation>
<folder></folder>
<filename>1999 chichi earthquake_patch_4032_1120.jpg</filename>
<path>1999 chichi earthquake_patch_4032_1120.jpg</path>
<source>
<database></database>
</source>
<size>
<width>224</width>
<height>224</height>
<depth>3</depth>
</size>
<segmented>0</segmented>
<object>
<name>landslides</name>
<pose>Unspecified</pose>
<truncated>0</truncated>
<difficult>0</difficult>
<occluded>0</occluded>
<bndbox><xmin>14</xmin><xmax>22</xmax><ymin>159</ymin><ymax>174</ymax></bndbox>
</object>
<object>
<name>landslides</name>
<pose>Unspecified</pose>
<truncated>0</truncated>
<difficult>0</difficult>
<occluded>0</occluded>
<bndbox><xmin>34</xmin><xmax>44</xmax><ymin>173</ymin><ymax>185</ymax></bndbox>
</object>
<object>
<name>landslides</name>
<pose>Unspecified</pose>
<truncated>0</truncated>
<difficult>0</difficult>
<occluded>0</occluded>
<bndbox><xmin>197</xmin><xmax>205</xmax><ymin>163</ymin><ymax>176</ymax></bndbox>
</object>
</annotation>