<annotation>
<folder></folder>
<filename>1999 chichi earthquake_patch_3136_3360.jpg</filename>
<path>1999 chichi earthquake_patch_3136_3360.jpg</path>
<source>
<database></database>
</source>
<size>
<width>224</width>
<height>224</height>
<depth>3</depth>
</size>
<segmented>0</segmented>
<object>
<name>landslides</name>
<pose>Unspecified</pose>
<truncated>0</truncated>
<difficult>0</difficult>
<occluded>0</occluded>
<bndbox><xmin>83</xmin><xmax>105</xmax><ymin>211</ymin><ymax>223</ymax></bndbox>
</object>
<object>
<name>landslides</name>
<pose>Unspecified</pose>
<truncated>0</truncated>
<difficult>0</difficult>
<occluded>0</occluded>
<bndbox><xmin>150</xmin><xmax>161</xmax><ymin>118</ymin><ymax>131</ymax></bndbox>
</object>
<object>
<name>landslides</name>
<pose>Unspecified</pose>
<truncated>0</truncated>
<difficult>0</difficult>
<occluded>0</occluded>
<bndbox><xmin>152</xmin><xmax>163</xmax><ymin>104</ymin><ymax>115</ymax></bndbox>
</object>
</annotation>