<annotation>
<folder></folder>
<filename>1999 chamoli earthquake_patch_8064_2464.jpg</filename>
<path>1999 chamoli earthquake_patch_8064_2464.jpg</path>
<source>
<database></database>
</source>
<size>
<width>224</width>
<height>224</height>
<depth>3</depth>
</size>
<segmented>0</segmented>
<object>
<name>landslides</name>
<pose>Unspecified</pose>
<truncated>0</truncated>
<difficult>0</difficult>
<occluded>0</occluded>
<bndbox><xmin>139</xmin><xmax>150</xmax><ymin>66</ymin><ymax>83</ymax></bndbox>
</object>
<object>
<name>landslides</name>
<pose>Unspecified</pose>
<truncated>0</truncated>
<difficult>0</difficult>
<occluded>0</occluded>
<bndbox><xmin>101</xmin><xmax>112</xmax><ymin>0</ymin><ymax>17</ymax></bndbox>
</object>
<object>
<name>landslides</name>
<pose>Unspecified</pose>
<truncated>0</truncated>
<difficult>0</difficult>
<occluded>0</occluded>
<bndbox><xmin>163</xmin><xmax>174</xmax><ymin>0</ymin><ymax>11</ymax></bndbox>
</object>
<object>
<name>landslides</name>
<pose>Unspecified</pose>
<truncated>0</truncated>
<difficult>0</difficult>
<occluded>0</occluded>
<bndbox><xmin>24</xmin><xmax>38</xmax><ymin>156</ymin><ymax>170</ymax></bndbox>
</object>
<object>
<name>landslides</name>
<pose>Unspecified</pose>
<truncated>0</truncated>
<difficult>0</difficult>
<occluded>0</occluded>
<bndbox><xmin>65</xmin><xmax>88</xmax><ymin>37</ymin><ymax>45</ymax></bndbox>
</object>
</annotation>