<annotation>
<folder></folder>
<filename>1999 chichi earthquake_patch_3808_2016.jpg</filename>
<path>1999 chichi earthquake_patch_3808_2016.jpg</path>
<source>
<database></database>
</source>
<size>
<width>224</width>
<height>224</height>
<depth>3</depth>
</size>
<segmented>0</segmented>
<object>
<name>landslides</name>
<pose>Unspecified</pose>
<truncated>0</truncated>
<difficult>0</difficult>
<occluded>0</occluded>
<bndbox><xmin>51</xmin><xmax>65</xmax><ymin>202</ymin><ymax>212</ymax></bndbox>
</object>
<object>
<name>landslides</name>
<pose>Unspecified</pose>
<truncated>0</truncated>
<difficult>0</difficult>
<occluded>0</occluded>
<bndbox><xmin>211</xmin><xmax>224</xmax><ymin>31</ymin><ymax>45</ymax></bndbox>
</object>
</annotation>