<annotation>
<folder></folder>
<filename>1999 chichi earthquake_patch_3808_1120.jpg</filename>
<path>1999 chichi earthquake_patch_3808_1120.jpg</path>
<source>
<database></database>
</source>
<size>
<width>224</width>
<height>224</height>
<depth>3</depth>
</size>
<segmented>0</segmented>
<object>
<name>landslides</name>
<pose>Unspecified</pose>
<truncated>0</truncated>
<difficult>0</difficult>
<occluded>0</occluded>
<bndbox><xmin>63</xmin><xmax>78</xmax><ymin>91</ymin><ymax>101</ymax></bndbox>
</object>
<object>
<name>landslides</name>
<pose>Unspecified</pose>
<truncated>0</truncated>
<difficult>0</difficult>
<occluded>0</occluded>
<bndbox><xmin>28</xmin><xmax>39</xmax><ymin>105</ymin><ymax>115</ymax></bndbox>
</object>
</annotation>