<annotation>
<folder></folder>
<filename>1999 chamoli earthquake_patch_7840_2464.jpg</filename>
<path>1999 chamoli earthquake_patch_7840_2464.jpg</path>
<source>
<database></database>
</source>
<size>
<width>224</width>
<height>224</height>
<depth>3</depth>
</size>
<segmented>0</segmented>
<object>
<name>landslides</name>
<pose>Unspecified</pose>
<truncated>0</truncated>
<difficult>0</difficult>
<occluded>0</occluded>
<bndbox><xmin>109</xmin><xmax>122</xmax><ymin>46</ymin><ymax>56</ymax></bndbox>
</object>
<object>
<name>landslides</name>
<pose>Unspecified</pose>
<truncated>0</truncated>
<difficult>0</difficult>
<occluded>0</occluded>
<bndbox><xmin>87</xmin><xmax>116</xmax><ymin>174</ymin><ymax>188</ymax></bndbox>
</object>
</annotation>