<annotation>
<folder></folder>
<filename>1999 chichi earthquake_patch_3808_2464.jpg</filename>
<path>1999 chichi earthquake_patch_3808_2464.jpg</path>
<source>
<database></database>
</source>
<size>
<width>224</width>
<height>224</height>
<depth>3</depth>
</size>
<segmented>0</segmented>
<object>
<name>landslides</name>
<pose>Unspecified</pose>
<truncated>0</truncated>
<difficult>0</difficult>
<occluded>0</occluded>
<bndbox><xmin>123</xmin><xmax>140</xmax><ymin>134</ymin><ymax>142</ymax></bndbox>
</object>
<object>
<name>landslides</name>
<pose>Unspecified</pose>
<truncated>0</truncated>
<difficult>0</difficult>
<occluded>0</occluded>
<bndbox><xmin>117</xmin><xmax>127</xmax><ymin>134</ymin><ymax>144</ymax></bndbox>
</object>
</annotation>