<annotation>
<folder></folder>
<filename>1999 chamoli earthquake_patch_7616_2912.jpg</filename>
<path>1999 chamoli earthquake_patch_7616_2912.jpg</path>
<source>
<database></database>
</source>
<size>
<width>224</width>
<height>224</height>
<depth>3</depth>
</size>
<segmented>0</segmented>
<object>
<name>landslides</name>
<pose>Unspecified</pose>
<truncated>0</truncated>
<difficult>0</difficult>
<occluded>0</occluded>
<bndbox><xmin>4</xmin><xmax>17</xmax><ymin>33</ymin><ymax>42</ymax></bndbox>
</object>
<object>
<name>landslides</name>
<pose>Unspecified</pose>
<truncated>0</truncated>
<difficult>0</difficult>
<occluded>0</occluded>
<bndbox><xmin>202</xmin><xmax>214</xmax><ymin>78</ymin><ymax>103</ymax></bndbox>
</object>
<object>
<name>landslides</name>
<pose>Unspecified</pose>
<truncated>0</truncated>
<difficult>0</difficult>
<occluded>0</occluded>
<bndbox><xmin>154</xmin><xmax>172</xmax><ymin>106</ymin><ymax>130</ymax></bndbox>
</object>
<object>
<name>landslides</name>
<pose>Unspecified</pose>
<truncated>0</truncated>
<difficult>0</difficult>
<occluded>0</occluded>
<bndbox><xmin>199</xmin><xmax>206</xmax><ymin>61</ymin><ymax>77</ymax></bndbox>
</object>
<object>
<name>landslides</name>
<pose>Unspecified</pose>
<truncated>0</truncated>
<difficult>0</difficult>
<occluded>0</occluded>
<bndbox><xmin>178</xmin><xmax>197</xmax><ymin>135</ymin><ymax>156</ymax></bndbox>
</object>
<object>
<name>landslides</name>
<pose>Unspecified</pose>
<truncated>0</truncated>
<difficult>0</difficult>
<occluded>0</occluded>
<bndbox><xmin>208</xmin><xmax>224</xmax><ymin>167</ymin><ymax>199</ymax></bndbox>
</object>
</annotation>