<annotation>
<folder></folder>
<filename>1999 chichi earthquake_patch_4256_448.jpg</filename>
<path>1999 chichi earthquake_patch_4256_448.jpg</path>
<source>
<database></database>
</source>
<size>
<width>224</width>
<height>224</height>
<depth>3</depth>
</size>
<segmented>0</segmented>
<object>
<name>landslides</name>
<pose>Unspecified</pose>
<truncated>0</truncated>
<difficult>0</difficult>
<occluded>0</occluded>
<bndbox><xmin>202</xmin><xmax>211</xmax><ymin>100</ymin><ymax>116</ymax></bndbox>
</object>
</annotation>