<annotation>
<folder></folder>
<filename>1999 chamoli earthquake_patch_6496_2912.jpg</filename>
<path>1999 chamoli earthquake_patch_6496_2912.jpg</path>
<source>
<database></database>
</source>
<size>
<width>224</width>
<height>224</height>
<depth>3</depth>
</size>
<segmented>0</segmented>
<object>
<name>landslides</name>
<pose>Unspecified</pose>
<truncated>0</truncated>
<difficult>0</difficult>
<occluded>0</occluded>
<bndbox><xmin>48</xmin><xmax>80</xmax><ymin>67</ymin><ymax>88</ymax></bndbox>
</object>
<object>
<name>landslides</name>
<pose>Unspecified</pose>
<truncated>0</truncated>
<difficult>0</difficult>
<occluded>0</occluded>
<bndbox><xmin>158</xmin><xmax>175</xmax><ymin>197</ymin><ymax>206</ymax></bndbox>
</object>
</annotation>