<annotation>
<folder></folder>
<filename>1999 chamoli earthquake_patch_8960_4032.jpg</filename>
<path>1999 chamoli earthquake_patch_8960_4032.jpg</path>
<source>
<database></database>
</source>
<size>
<width>224</width>
<height>224</height>
<depth>3</depth>
</size>
<segmented>0</segmented>
<object>
<name>landslides</name>
<pose>Unspecified</pose>
<truncated>0</truncated>
<difficult>0</difficult>
<occluded>0</occluded>
<bndbox><xmin>121</xmin><xmax>135</xmax><ymin>167</ymin><ymax>189</ymax></bndbox>
</object>
<object>
<name>landslides</name>
<pose>Unspecified</pose>
<truncated>0</truncated>
<difficult>0</difficult>
<occluded>0</occluded>
<bndbox><xmin>147</xmin><xmax>161</xmax><ymin>141</ymin><ymax>162</ymax></bndbox>
</object>
<object>
<name>landslides</name>
<pose>Unspecified</pose>
<truncated>0</truncated>
<difficult>0</difficult>
<occluded>0</occluded>
<bndbox><xmin>65</xmin><xmax>82</xmax><ymin>91</ymin><ymax>105</ymax></bndbox>
</object>
<object>
<name>landslides</name>
<pose>Unspecified</pose>
<truncated>0</truncated>
<difficult>0</difficult>
<occluded>0</occluded>
<bndbox><xmin>55</xmin><xmax>69</xmax><ymin>89</ymin><ymax>101</ymax></bndbox>
</object>
</annotation>