<annotation>
<folder></folder>
<filename>1999 chichi earthquake_patch_3584_672.jpg</filename>
<path>1999 chichi earthquake_patch_3584_672.jpg</path>
<source>
<database></database>
</source>
<size>
<width>224</width>
<height>224</height>
<depth>3</depth>
</size>
<segmented>0</segmented>
<object>
<name>landslides</name>
<pose>Unspecified</pose>
<truncated>0</truncated>
<difficult>0</difficult>
<occluded>0</occluded>
<bndbox><xmin>155</xmin><xmax>165</xmax><ymin>18</ymin><ymax>32</ymax></bndbox>
</object>
<object>
<name>landslides</name>
<pose>Unspecified</pose>
<truncated>0</truncated>
<difficult>0</difficult>
<occluded>0</occluded>
<bndbox><xmin>151</xmin><xmax>168</xmax><ymin>34</ymin><ymax>46</ymax></bndbox>
</object>
<object>
<name>landslides</name>
<pose>Unspecified</pose>
<truncated>0</truncated>
<difficult>0</difficult>
<occluded>0</occluded>
<bndbox><xmin>198</xmin><xmax>208</xmax><ymin>72</ymin><ymax>84</ymax></bndbox>
</object>
<object>
<name>landslides</name>
<pose>Unspecified</pose>
<truncated>0</truncated>
<difficult>0</difficult>
<occluded>0</occluded>
<bndbox><xmin>148</xmin><xmax>157</xmax><ymin>18</ymin><ymax>30</ymax></bndbox>
</object>
</annotation>