<annotation>
<folder></folder>
<filename>1999 chamoli earthquake_patch_6944_3360.jpg</filename>
<path>1999 chamoli earthquake_patch_6944_3360.jpg</path>
<source>
<database></database>
</source>
<size>
<width>224</width>
<height>224</height>
<depth>3</depth>
</size>
<segmented>0</segmented>
<object>
<name>landslides</name>
<pose>Unspecified</pose>
<truncated>0</truncated>
<difficult>0</difficult>
<occluded>0</occluded>
<bndbox><xmin>184</xmin><xmax>195</xmax><ymin>206</ymin><ymax>218</ymax></bndbox>
</object>
<object>
<name>landslides</name>
<pose>Unspecified</pose>
<truncated>0</truncated>
<difficult>0</difficult>
<occluded>0</occluded>
<bndbox><xmin>63</xmin><xmax>80</xmax><ymin>9</ymin><ymax>20</ymax></bndbox>
</object>
</annotation>