<annotation>
<folder></folder>
<filename>1999 chichi earthquake_patch_4480_896.jpg</filename>
<path>1999 chichi earthquake_patch_4480_896.jpg</path>
<source>
<database></database>
</source>
<size>
<width>224</width>
<height>224</height>
<depth>3</depth>
</size>
<segmented>0</segmented>
<object>
<name>landslides</name>
<pose>Unspecified</pose>
<truncated>0</truncated>
<difficult>0</difficult>
<occluded>0</occluded>
<bndbox><xmin>40</xmin><xmax>48</xmax><ymin>90</ymin><ymax>103</ymax></bndbox>
</object>
<object>
<name>landslides</name>
<pose>Unspecified</pose>
<truncated>0</truncated>
<difficult>0</difficult>
<occluded>0</occluded>
<bndbox><xmin>88</xmin><xmax>99</xmax><ymin>118</ymin><ymax>134</ymax></bndbox>
</object>
<object>
<name>landslides</name>
<pose>Unspecified</pose>
<truncated>0</truncated>
<difficult>0</difficult>
<occluded>0</occluded>
<bndbox><xmin>98</xmin><xmax>106</xmax><ymin>5</ymin><ymax>21</ymax></bndbox>
</object>
</annotation>