<annotation>
<folder></folder>
<filename>1999 chichi earthquake_patch_4032_896.jpg</filename>
<path>1999 chichi earthquake_patch_4032_896.jpg</path>
<source>
<database></database>
</source>
<size>
<width>224</width>
<height>224</height>
<depth>3</depth>
</size>
<segmented>0</segmented>
<object>
<name>landslides</name>
<pose>Unspecified</pose>
<truncated>0</truncated>
<difficult>0</difficult>
<occluded>0</occluded>
<bndbox><xmin>86</xmin><xmax>94</xmax><ymin>20</ymin><ymax>34</ymax></bndbox>
</object>
</annotation>