<annotation>
<folder></folder>
<filename>1999 chamoli earthquake_patch_6720_3360.jpg</filename>
<path>1999 chamoli earthquake_patch_6720_3360.jpg</path>
<source>
<database></database>
</source>
<size>
<width>224</width>
<height>224</height>
<depth>3</depth>
</size>
<segmented>0</segmented>
<object>
<name>landslides</name>
<pose>Unspecified</pose>
<truncated>0</truncated>
<difficult>0</difficult>
<occluded>0</occluded>
<bndbox><xmin>75</xmin><xmax>81</xmax><ymin>75</ymin><ymax>95</ymax></bndbox>
</object>
<object>
<name>landslides</name>
<pose>Unspecified</pose>
<truncated>0</truncated>
<difficult>0</difficult>
<occluded>0</occluded>
<bndbox><xmin>110</xmin><xmax>120</xmax><ymin>106</ymin><ymax>117</ymax></bndbox>
</object>
</annotation>