<annotation>
<folder></folder>
<filename>1999 chichi earthquake_patch_3360_1120.jpg</filename>
<path>1999 chichi earthquake_patch_3360_1120.jpg</path>
<source>
<database></database>
</source>
<size>
<width>224</width>
<height>224</height>
<depth>3</depth>
</size>
<segmented>0</segmented>
<object>
<name>landslides</name>
<pose>Unspecified</pose>
<truncated>0</truncated>
<difficult>0</difficult>
<occluded>0</occluded>
<bndbox><xmin>205</xmin><xmax>222</xmax><ymin>207</ymin><ymax>217</ymax></bndbox>
</object>
<object>
<name>landslides</name>
<pose>Unspecified</pose>
<truncated>0</truncated>
<difficult>0</difficult>
<occluded>0</occluded>
<bndbox><xmin>206</xmin><xmax>224</xmax><ymin>203</ymin><ymax>209</ymax></bndbox>
</object>
<object>
<name>landslides</name>
<pose>Unspecified</pose>
<truncated>0</truncated>
<difficult>0</difficult>
<occluded>0</occluded>
<bndbox><xmin>209</xmin><xmax>221</xmax><ymin>124</ymin><ymax>136</ymax></bndbox>
</object>
<object>
<name>landslides</name>
<pose>Unspecified</pose>
<truncated>0</truncated>
<difficult>0</difficult>
<occluded>0</occluded>
<bndbox><xmin>207</xmin><xmax>223</xmax><ymin>144</ymin><ymax>153</ymax></bndbox>
</object>
<object>
<name>landslides</name>
<pose>Unspecified</pose>
<truncated>0</truncated>
<difficult>0</difficult>
<occluded>0</occluded>
<bndbox><xmin>216</xmin><xmax>224</xmax><ymin>170</ymin><ymax>183</ymax></bndbox>
</object>
<object>
<name>landslides</name>
<pose>Unspecified</pose>
<truncated>0</truncated>
<difficult>0</difficult>
<occluded>0</occluded>
<bndbox><xmin>209</xmin><xmax>223</xmax><ymin>137</ymin><ymax>147</ymax></bndbox>
</object>
</annotation>