<annotation>
<folder></folder>
<filename>1999 chamoli earthquake_patch_8736_2464.jpg</filename>
<path>1999 chamoli earthquake_patch_8736_2464.jpg</path>
<source>
<database></database>
</source>
<size>
<width>224</width>
<height>224</height>
<depth>3</depth>
</size>
<segmented>0</segmented>
<object>
<name>landslides</name>
<pose>Unspecified</pose>
<truncated>0</truncated>
<difficult>0</difficult>
<occluded>0</occluded>
<bndbox><xmin>51</xmin><xmax>77</xmax><ymin>156</ymin><ymax>173</ymax></bndbox>
</object>
<object>
<name>landslides</name>
<pose>Unspecified</pose>
<truncated>0</truncated>
<difficult>0</difficult>
<occluded>0</occluded>
<bndbox><xmin>61</xmin><xmax>89</xmax><ymin>131</ymin><ymax>141</ymax></bndbox>
</object>
<object>
<name>landslides</name>
<pose>Unspecified</pose>
<truncated>0</truncated>
<difficult>0</difficult>
<occluded>0</occluded>
<bndbox><xmin>50</xmin><xmax>71</xmax><ymin>163</ymin><ymax>177</ymax></bndbox>
</object>
</annotation>