<annotation>
<folder></folder>
<filename>1999 chamoli earthquake_patch_7840_3360.jpg</filename>
<path>1999 chamoli earthquake_patch_7840_3360.jpg</path>
<source>
<database></database>
</source>
<size>
<width>224</width>
<height>224</height>
<depth>3</depth>
</size>
<segmented>0</segmented>
<object>
<name>landslides</name>
<pose>Unspecified</pose>
<truncated>0</truncated>
<difficult>0</difficult>
<occluded>0</occluded>
<bndbox><xmin>120</xmin><xmax>143</xmax><ymin>6</ymin><ymax>21</ymax></bndbox>
</object>
<object>
<name>landslides</name>
<pose>Unspecified</pose>
<truncated>0</truncated>
<difficult>0</difficult>
<occluded>0</occluded>
<bndbox><xmin>73</xmin><xmax>91</xmax><ymin>13</ymin><ymax>27</ymax></bndbox>
</object>
<object>
<name>landslides</name>
<pose>Unspecified</pose>
<truncated>0</truncated>
<difficult>0</difficult>
<occluded>0</occluded>
<bndbox><xmin>10</xmin><xmax>18</xmax><ymin>27</ymin><ymax>40</ymax></bndbox>
</object>
<object>
<name>landslides</name>
<pose>Unspecified</pose>
<truncated>0</truncated>
<difficult>0</difficult>
<occluded>0</occluded>
<bndbox><xmin>168</xmin><xmax>176</xmax><ymin>0</ymin><ymax>14</ymax></bndbox>
</object>
<object>
<name>landslides</name>
<pose>Unspecified</pose>
<truncated>0</truncated>
<difficult>0</difficult>
<occluded>0</occluded>
<bndbox><xmin>41</xmin><xmax>50</xmax><ymin>58</ymin><ymax>74</ymax></bndbox>
</object>
</annotation>