<annotation>
<folder></folder>
<filename>1999 chamoli earthquake_patch_8064_2016.jpg</filename>
<path>1999 chamoli earthquake_patch_8064_2016.jpg</path>
<source>
<database></database>
</source>
<size>
<width>224</width>
<height>224</height>
<depth>3</depth>
</size>
<segmented>0</segmented>
<object>
<name>landslides</name>
<pose>Unspecified</pose>
<truncated>0</truncated>
<difficult>0</difficult>
<occluded>0</occluded>
<bndbox><xmin>14</xmin><xmax>24</xmax><ymin>136</ymin><ymax>172</ymax></bndbox>
</object>
<object>
<name>landslides</name>
<pose>Unspecified</pose>
<truncated>0</truncated>
<difficult>0</difficult>
<occluded>0</occluded>
<bndbox><xmin>31</xmin><xmax>57</xmax><ymin>138</ymin><ymax>170</ymax></bndbox>
</object>
<object>
<name>landslides</name>
<pose>Unspecified</pose>
<truncated>0</truncated>
<difficult>0</difficult>
<occluded>0</occluded>
<bndbox><xmin>152</xmin><xmax>163</xmax><ymin>87</ymin><ymax>98</ymax></bndbox>
</object>
</annotation>