<annotation>
<folder></folder>
<filename>1999 chichi earthquake_patch_3584_1344.jpg</filename>
<path>1999 chichi earthquake_patch_3584_1344.jpg</path>
<source>
<database></database>
</source>
<size>
<width>224</width>
<height>224</height>
<depth>3</depth>
</size>
<segmented>0</segmented>
<object>
<name>landslides</name>
<pose>Unspecified</pose>
<truncated>0</truncated>
<difficult>0</difficult>
<occluded>0</occluded>
<bndbox><xmin>42</xmin><xmax>53</xmax><ymin>182</ymin><ymax>192</ymax></bndbox>
</object>
<object>
<name>landslides</name>
<pose>Unspecified</pose>
<truncated>0</truncated>
<difficult>0</difficult>
<occluded>0</occluded>
<bndbox><xmin>90</xmin><xmax>99</xmax><ymin>200</ymin><ymax>214</ymax></bndbox>
</object>
<object>
<name>landslides</name>
<pose>Unspecified</pose>
<truncated>0</truncated>
<difficult>0</difficult>
<occluded>0</occluded>
<bndbox><xmin>98</xmin><xmax>110</xmax><ymin>203</ymin><ymax>214</ymax></bndbox>
</object>
<object>
<name>landslides</name>
<pose>Unspecified</pose>
<truncated>0</truncated>
<difficult>0</difficult>
<occluded>0</occluded>
<bndbox><xmin>125</xmin><xmax>133</xmax><ymin>182</ymin><ymax>202</ymax></bndbox>
</object>
</annotation>