<annotation>
<folder></folder>
<filename>1999 chichi earthquake_patch_3584_896.jpg</filename>
<path>1999 chichi earthquake_patch_3584_896.jpg</path>
<source>
<database></database>
</source>
<size>
<width>224</width>
<height>224</height>
<depth>3</depth>
</size>
<segmented>0</segmented>
<object>
<name>landslides</name>
<pose>Unspecified</pose>
<truncated>0</truncated>
<difficult>0</difficult>
<occluded>0</occluded>
<bndbox><xmin>128</xmin><xmax>143</xmax><ymin>147</ymin><ymax>157</ymax></bndbox>
</object>
<object>
<name>landslides</name>
<pose>Unspecified</pose>
<truncated>0</truncated>
<difficult>0</difficult>
<occluded>0</occluded>
<bndbox><xmin>37</xmin><xmax>47</xmax><ymin>124</ymin><ymax>140</ymax></bndbox>
</object>
</annotation>