<annotation>
<folder></folder>
<filename>1999 chichi earthquake_patch_3584_224.jpg</filename>
<path>1999 chichi earthquake_patch_3584_224.jpg</path>
<source>
<database></database>
</source>
<size>
<width>224</width>
<height>224</height>
<depth>3</depth>
</size>
<segmented>0</segmented>
<object>
<name>landslides</name>
<pose>Unspecified</pose>
<truncated>0</truncated>
<difficult>0</difficult>
<occluded>0</occluded>
<bndbox><xmin>137</xmin><xmax>203</xmax><ymin>166</ymin><ymax>220</ymax></bndbox>
</object>
<object>
<name>landslides</name>
<pose>Unspecified</pose>
<truncated>0</truncated>
<difficult>0</difficult>
<occluded>0</occluded>
<bndbox><xmin>164</xmin><xmax>189</xmax><ymin>158</ymin><ymax>177</ymax></bndbox>
</object>
</annotation>