<annotation>
<folder></folder>
<filename>1999 chamoli earthquake_patch_8064_3360.jpg</filename>
<path>1999 chamoli earthquake_patch_8064_3360.jpg</path>
<source>
<database></database>
</source>
<size>
<width>224</width>
<height>224</height>
<depth>3</depth>
</size>
<segmented>0</segmented>
<object>
<name>landslides</name>
<pose>Unspecified</pose>
<truncated>0</truncated>
<difficult>0</difficult>
<occluded>0</occluded>
<bndbox><xmin>15</xmin><xmax>34</xmax><ymin>1</ymin><ymax>18</ymax></bndbox>
</object>
<object>
<name>landslides</name>
<pose>Unspecified</pose>
<truncated>0</truncated>
<difficult>0</difficult>
<occluded>0</occluded>
<bndbox><xmin>114</xmin><xmax>121</xmax><ymin>0</ymin><ymax>15</ymax></bndbox>
</object>
<object>
<name>landslides</name>
<pose>Unspecified</pose>
<truncated>0</truncated>
<difficult>0</difficult>
<occluded>0</occluded>
<bndbox><xmin>0</xmin><xmax>18</xmax><ymin>117</ymin><ymax>123</ymax></bndbox>
</object>
<object>
<name>landslides</name>
<pose>Unspecified</pose>
<truncated>0</truncated>
<difficult>0</difficult>
<occluded>0</occluded>
<bndbox><xmin>182</xmin><xmax>204</xmax><ymin>188</ymin><ymax>210</ymax></bndbox>
</object>
<object>
<name>landslides</name>
<pose>Unspecified</pose>
<truncated>0</truncated>
<difficult>0</difficult>
<occluded>0</occluded>
<bndbox><xmin>145</xmin><xmax>153</xmax><ymin>86</ymin><ymax>107</ymax></bndbox>
</object>
<object>
<name>landslides</name>
<pose>Unspecified</pose>
<truncated>0</truncated>
<difficult>0</difficult>
<occluded>0</occluded>
<bndbox><xmin>157</xmin><xmax>175</xmax><ymin>97</ymin><ymax>109</ymax></bndbox>
</object>
<object>
<name>landslides</name>
<pose>Unspecified</pose>
<truncated>0</truncated>
<difficult>0</difficult>
<occluded>0</occluded>
<bndbox><xmin>155</xmin><xmax>169</xmax><ymin>84</ymin><ymax>107</ymax></bndbox>
</object>
</annotation>