<annotation>
<folder></folder>
<filename>1999 chamoli earthquake_patch_7840_2912.jpg</filename>
<path>1999 chamoli earthquake_patch_7840_2912.jpg</path>
<source>
<database></database>
</source>
<size>
<width>224</width>
<height>224</height>
<depth>3</depth>
</size>
<segmented>0</segmented>
<object>
<name>landslides</name>
<pose>Unspecified</pose>
<truncated>0</truncated>
<difficult>0</difficult>
<occluded>0</occluded>
<bndbox><xmin>77</xmin><xmax>86</xmax><ymin>78</ymin><ymax>90</ymax></bndbox>
</object>
<object>
<name>landslides</name>
<pose>Unspecified</pose>
<truncated>0</truncated>
<difficult>0</difficult>
<occluded>0</occluded>
<bndbox><xmin>55</xmin><xmax>90</xmax><ymin>37</ymin><ymax>56</ymax></bndbox>
</object>
<object>
<name>landslides</name>
<pose>Unspecified</pose>
<truncated>0</truncated>
<difficult>0</difficult>
<occluded>0</occluded>
<bndbox><xmin>113</xmin><xmax>122</xmax><ymin>75</ymin><ymax>90</ymax></bndbox>
</object>
<object>
<name>landslides</name>
<pose>Unspecified</pose>
<truncated>0</truncated>
<difficult>0</difficult>
<occluded>0</occluded>
<bndbox><xmin>40</xmin><xmax>53</xmax><ymin>33</ymin><ymax>51</ymax></bndbox>
</object>
<object>
<name>landslides</name>
<pose>Unspecified</pose>
<truncated>0</truncated>
<difficult>0</difficult>
<occluded>0</occluded>
<bndbox><xmin>98</xmin><xmax>107</xmax><ymin>66</ymin><ymax>89</ymax></bndbox>
</object>
<object>
<name>landslides</name>
<pose>Unspecified</pose>
<truncated>0</truncated>
<difficult>0</difficult>
<occluded>0</occluded>
<bndbox><xmin>0</xmin><xmax>13</xmax><ymin>194</ymin><ymax>211</ymax></bndbox>
</object>
</annotation>