<annotation>
<folder></folder>
<filename>1999 chamoli earthquake_patch_6720_2464.jpg</filename>
<path>1999 chamoli earthquake_patch_6720_2464.jpg</path>
<source>
<database></database>
</source>
<size>
<width>224</width>
<height>224</height>
<depth>3</depth>
</size>
<segmented>0</segmented>
<object>
<name>landslides</name>
<pose>Unspecified</pose>
<truncated>0</truncated>
<difficult>0</difficult>
<occluded>0</occluded>
<bndbox><xmin>34</xmin><xmax>70</xmax><ymin>173</ymin><ymax>196</ymax></bndbox>
</object>
<object>
<name>landslides</name>
<pose>Unspecified</pose>
<truncated>0</truncated>
<difficult>0</difficult>
<occluded>0</occluded>
<bndbox><xmin>85</xmin><xmax>97</xmax><ymin>115</ymin><ymax>129</ymax></bndbox>
</object>
<object>
<name>landslides</name>
<pose>Unspecified</pose>
<truncated>0</truncated>
<difficult>0</difficult>
<occluded>0</occluded>
<bndbox><xmin>32</xmin><xmax>41</xmax><ymin>157</ymin><ymax>171</ymax></bndbox>
</object>
<object>
<name>landslides</name>
<pose>Unspecified</pose>
<truncated>0</truncated>
<difficult>0</difficult>
<occluded>0</occluded>
<bndbox><xmin>0</xmin><xmax>17</xmax><ymin>163</ymin><ymax>175</ymax></bndbox>
</object>
</annotation>