<annotation>
<folder></folder>
<filename>1999 chichi earthquake_patch_3584_2016.jpg</filename>
<path>1999 chichi earthquake_patch_3584_2016.jpg</path>
<source>
<database></database>
</source>
<size>
<width>224</width>
<height>224</height>
<depth>3</depth>
</size>
<segmented>0</segmented>
<object>
<name>landslides</name>
<pose>Unspecified</pose>
<truncated>0</truncated>
<difficult>0</difficult>
<occluded>0</occluded>
<bndbox><xmin>80</xmin><xmax>98</xmax><ymin>3</ymin><ymax>14</ymax></bndbox>
</object>
<object>
<name>landslides</name>
<pose>Unspecified</pose>
<truncated>0</truncated>
<difficult>0</difficult>
<occluded>0</occluded>
<bndbox><xmin>87</xmin><xmax>99</xmax><ymin>23</ymin><ymax>36</ymax></bndbox>
</object>
</annotation>