<annotation>
<folder></folder>
<filename>1999 chamoli earthquake_patch_6496_2688.jpg</filename>
<path>1999 chamoli earthquake_patch_6496_2688.jpg</path>
<source>
<database></database>
</source>
<size>
<width>224</width>
<height>224</height>
<depth>3</depth>
</size>
<segmented>0</segmented>
<object>
<name>landslides</name>
<pose>Unspecified</pose>
<truncated>0</truncated>
<difficult>0</difficult>
<occluded>0</occluded>
<bndbox><xmin>169</xmin><xmax>198</xmax><ymin>17</ymin><ymax>37</ymax></bndbox>
</object>
<object>
<name>landslides</name>
<pose>Unspecified</pose>
<truncated>0</truncated>
<difficult>0</difficult>
<occluded>0</occluded>
<bndbox><xmin>165</xmin><xmax>181</xmax><ymin>0</ymin><ymax>15</ymax></bndbox>
</object>
<object>
<name>landslides</name>
<pose>Unspecified</pose>
<truncated>0</truncated>
<difficult>0</difficult>
<occluded>0</occluded>
<bndbox><xmin>164</xmin><xmax>184</xmax><ymin>26</ymin><ymax>41</ymax></bndbox>
</object>
<object>
<name>landslides</name>
<pose>Unspecified</pose>
<truncated>0</truncated>
<difficult>0</difficult>
<occluded>0</occluded>
<bndbox><xmin>188</xmin><xmax>213</xmax><ymin>0</ymin><ymax>13</ymax></bndbox>
</object>
</annotation>