<annotation>
<folder></folder>
<filename>1999 chichi earthquake_patch_3584_2240.jpg</filename>
<path>1999 chichi earthquake_patch_3584_2240.jpg</path>
<source>
<database></database>
</source>
<size>
<width>224</width>
<height>224</height>
<depth>3</depth>
</size>
<segmented>0</segmented>
<object>
<name>landslides</name>
<pose>Unspecified</pose>
<truncated>0</truncated>
<difficult>0</difficult>
<occluded>0</occluded>
<bndbox><xmin>185</xmin><xmax>195</xmax><ymin>92</ymin><ymax>105</ymax></bndbox>
</object>
<object>
<name>landslides</name>
<pose>Unspecified</pose>
<truncated>0</truncated>
<difficult>0</difficult>
<occluded>0</occluded>
<bndbox><xmin>213</xmin><xmax>221</xmax><ymin>63</ymin><ymax>80</ymax></bndbox>
</object>
</annotation>