<annotation>
<folder></folder>
<filename>1999 chichi earthquake_patch_3360_3360.jpg</filename>
<path>1999 chichi earthquake_patch_3360_3360.jpg</path>
<source>
<database></database>
</source>
<size>
<width>224</width>
<height>224</height>
<depth>3</depth>
</size>
<segmented>0</segmented>
<object>
<name>landslides</name>
<pose>Unspecified</pose>
<truncated>0</truncated>
<difficult>0</difficult>
<occluded>0</occluded>
<bndbox><xmin>24</xmin><xmax>34</xmax><ymin>53</ymin><ymax>64</ymax></bndbox>
</object>
<object>
<name>landslides</name>
<pose>Unspecified</pose>
<truncated>0</truncated>
<difficult>0</difficult>
<occluded>0</occluded>
<bndbox><xmin>36</xmin><xmax>49</xmax><ymin>43</ymin><ymax>63</ymax></bndbox>
</object>
<object>
<name>landslides</name>
<pose>Unspecified</pose>
<truncated>0</truncated>
<difficult>0</difficult>
<occluded>0</occluded>
<bndbox><xmin>50</xmin><xmax>61</xmax><ymin>33</ymin><ymax>44</ymax></bndbox>
</object>
<object>
<name>landslides</name>
<pose>Unspecified</pose>
<truncated>0</truncated>
<difficult>0</difficult>
<occluded>0</occluded>
<bndbox><xmin>70</xmin><xmax>83</xmax><ymin>26</ymin><ymax>36</ymax></bndbox>
</object>
</annotation>