<annotation>
<folder></folder>
<filename>1999 chamoli earthquake_patch_8064_3584.jpg</filename>
<path>1999 chamoli earthquake_patch_8064_3584.jpg</path>
<source>
<database></database>
</source>
<size>
<width>224</width>
<height>224</height>
<depth>3</depth>
</size>
<segmented>0</segmented>
<object>
<name>landslides</name>
<pose>Unspecified</pose>
<truncated>0</truncated>
<difficult>0</difficult>
<occluded>0</occluded>
<bndbox><xmin>18</xmin><xmax>23</xmax><ymin>165</ymin><ymax>189</ymax></bndbox>
</object>
</annotation>