<annotation>
<folder></folder>
<filename>1999 chichi earthquake_patch_3808_1792.jpg</filename>
<path>1999 chichi earthquake_patch_3808_1792.jpg</path>
<source>
<database></database>
</source>
<size>
<width>224</width>
<height>224</height>
<depth>3</depth>
</size>
<segmented>0</segmented>
<object>
<name>landslides</name>
<pose>Unspecified</pose>
<truncated>0</truncated>
<difficult>0</difficult>
<occluded>0</occluded>
<bndbox><xmin>30</xmin><xmax>46</xmax><ymin>183</ymin><ymax>191</ymax></bndbox>
</object>
<object>
<name>landslides</name>
<pose>Unspecified</pose>
<truncated>0</truncated>
<difficult>0</difficult>
<occluded>0</occluded>
<bndbox><xmin>110</xmin><xmax>118</xmax><ymin>174</ymin><ymax>188</ymax></bndbox>
</object>
<object>
<name>landslides</name>
<pose>Unspecified</pose>
<truncated>0</truncated>
<difficult>0</difficult>
<occluded>0</occluded>
<bndbox><xmin>106</xmin><xmax>121</xmax><ymin>152</ymin><ymax>163</ymax></bndbox>
</object>
<object>
<name>landslides</name>
<pose>Unspecified</pose>
<truncated>0</truncated>
<difficult>0</difficult>
<occluded>0</occluded>
<bndbox><xmin>122</xmin><xmax>130</xmax><ymin>166</ymin><ymax>179</ymax></bndbox>
</object>
<object>
<name>landslides</name>
<pose>Unspecified</pose>
<truncated>0</truncated>
<difficult>0</difficult>
<occluded>0</occluded>
<bndbox><xmin>120</xmin><xmax>131</xmax><ymin>191</ymin><ymax>204</ymax></bndbox>
</object>
<object>
<name>landslides</name>
<pose>Unspecified</pose>
<truncated>0</truncated>
<difficult>0</difficult>
<occluded>0</occluded>
<bndbox><xmin>107</xmin><xmax>121</xmax><ymin>168</ymin><ymax>176</ymax></bndbox>
</object>
</annotation>