<annotation>
<folder></folder>
<filename>1999 chamoli earthquake_patch_7392_3136.jpg</filename>
<path>1999 chamoli earthquake_patch_7392_3136.jpg</path>
<source>
<database></database>
</source>
<size>
<width>224</width>
<height>224</height>
<depth>3</depth>
</size>
<segmented>0</segmented>
<object>
<name>landslides</name>
<pose>Unspecified</pose>
<truncated>0</truncated>
<difficult>0</difficult>
<occluded>0</occluded>
<bndbox><xmin>54</xmin><xmax>80</xmax><ymin>49</ymin><ymax>67</ymax></bndbox>
</object>
<object>
<name>landslides</name>
<pose>Unspecified</pose>
<truncated>0</truncated>
<difficult>0</difficult>
<occluded>0</occluded>
<bndbox><xmin>62</xmin><xmax>79</xmax><ymin>12</ymin><ymax>20</ymax></bndbox>
</object>
</annotation>