<annotation>
<folder></folder>
<filename>1999 chichi earthquake_patch_4480_1120.jpg</filename>
<path>1999 chichi earthquake_patch_4480_1120.jpg</path>
<source>
<database></database>
</source>
<size>
<width>224</width>
<height>224</height>
<depth>3</depth>
</size>
<segmented>0</segmented>
<object>
<name>landslides</name>
<pose>Unspecified</pose>
<truncated>0</truncated>
<difficult>0</difficult>
<occluded>0</occluded>
<bndbox><xmin>153</xmin><xmax>162</xmax><ymin>19</ymin><ymax>33</ymax></bndbox>
</object>
<object>
<name>landslides</name>
<pose>Unspecified</pose>
<truncated>0</truncated>
<difficult>0</difficult>
<occluded>0</occluded>
<bndbox><xmin>133</xmin><xmax>145</xmax><ymin>90</ymin><ymax>108</ymax></bndbox>
</object>
<object>
<name>landslides</name>
<pose>Unspecified</pose>
<truncated>0</truncated>
<difficult>0</difficult>
<occluded>0</occluded>
<bndbox><xmin>119</xmin><xmax>132</xmax><ymin>107</ymin><ymax>118</ymax></bndbox>
</object>
<object>
<name>landslides</name>
<pose>Unspecified</pose>
<truncated>0</truncated>
<difficult>0</difficult>
<occluded>0</occluded>
<bndbox><xmin>27</xmin><xmax>41</xmax><ymin>101</ymin><ymax>116</ymax></bndbox>
</object>
<object>
<name>landslides</name>
<pose>Unspecified</pose>
<truncated>0</truncated>
<difficult>0</difficult>
<occluded>0</occluded>
<bndbox><xmin>37</xmin><xmax>49</xmax><ymin>101</ymin><ymax>116</ymax></bndbox>
</object>
<object>
<name>landslides</name>
<pose>Unspecified</pose>
<truncated>0</truncated>
<difficult>0</difficult>
<occluded>0</occluded>
<bndbox><xmin>17</xmin><xmax>30</xmax><ymin>112</ymin><ymax>120</ymax></bndbox>
</object>
</annotation>