<annotation>
<folder></folder>
<filename>1999 chamoli earthquake_patch_7616_3136.jpg</filename>
<path>1999 chamoli earthquake_patch_7616_3136.jpg</path>
<source>
<database></database>
</source>
<size>
<width>224</width>
<height>224</height>
<depth>3</depth>
</size>
<segmented>0</segmented>
<object>
<name>landslides</name>
<pose>Unspecified</pose>
<truncated>0</truncated>
<difficult>0</difficult>
<occluded>0</occluded>
<bndbox><xmin>12</xmin><xmax>34</xmax><ymin>193</ymin><ymax>218</ymax></bndbox>
</object>
<object>
<name>landslides</name>
<pose>Unspecified</pose>
<truncated>0</truncated>
<difficult>0</difficult>
<occluded>0</occluded>
<bndbox><xmin>120</xmin><xmax>129</xmax><ymin>201</ymin><ymax>221</ymax></bndbox>
</object>
</annotation>