<annotation>
<folder></folder>
<filename>1999 chamoli earthquake_patch_8064_2688.jpg</filename>
<path>1999 chamoli earthquake_patch_8064_2688.jpg</path>
<source>
<database></database>
</source>
<size>
<width>224</width>
<height>224</height>
<depth>3</depth>
</size>
<segmented>0</segmented>
<object>
<name>landslides</name>
<pose>Unspecified</pose>
<truncated>0</truncated>
<difficult>0</difficult>
<occluded>0</occluded>
<bndbox><xmin>164</xmin><xmax>174</xmax><ymin>0</ymin><ymax>19</ymax></bndbox>
</object>
<object>
<name>landslides</name>
<pose>Unspecified</pose>
<truncated>0</truncated>
<difficult>0</difficult>
<occluded>0</occluded>
<bndbox><xmin>25</xmin><xmax>39</xmax><ymin>0</ymin><ymax>8</ymax></bndbox>
</object>
</annotation>