<annotation>
<folder></folder>
<filename>1999 chamoli earthquake_patch_7168_3136.jpg</filename>
<path>1999 chamoli earthquake_patch_7168_3136.jpg</path>
<source>
<database></database>
</source>
<size>
<width>224</width>
<height>224</height>
<depth>3</depth>
</size>
<segmented>0</segmented>
<object>
<name>landslides</name>
<pose>Unspecified</pose>
<truncated>0</truncated>
<difficult>0</difficult>
<occluded>0</occluded>
<bndbox><xmin>170</xmin><xmax>182</xmax><ymin>54</ymin><ymax>69</ymax></bndbox>
</object>
<object>
<name>landslides</name>
<pose>Unspecified</pose>
<truncated>0</truncated>
<difficult>0</difficult>
<occluded>0</occluded>
<bndbox><xmin>145</xmin><xmax>162</xmax><ymin>29</ymin><ymax>45</ymax></bndbox>
</object>
<object>
<name>landslides</name>
<pose>Unspecified</pose>
<truncated>0</truncated>
<difficult>0</difficult>
<occluded>0</occluded>
<bndbox><xmin>85</xmin><xmax>130</xmax><ymin>61</ymin><ymax>72</ymax></bndbox>
</object>
</annotation>