<annotation>
<folder></folder>
<filename>1999 chichi earthquake_patch_3808_2240.jpg</filename>
<path>1999 chichi earthquake_patch_3808_2240.jpg</path>
<source>
<database></database>
</source>
<size>
<width>224</width>
<height>224</height>
<depth>3</depth>
</size>
<segmented>0</segmented>
<object>
<name>landslides</name>
<pose>Unspecified</pose>
<truncated>0</truncated>
<difficult>0</difficult>
<occluded>0</occluded>
<bndbox><xmin>33</xmin><xmax>47</xmax><ymin>83</ymin><ymax>96</ymax></bndbox>
</object>
<object>
<name>landslides</name>
<pose>Unspecified</pose>
<truncated>0</truncated>
<difficult>0</difficult>
<occluded>0</occluded>
<bndbox><xmin>0</xmin><xmax>9</xmax><ymin>31</ymin><ymax>43</ymax></bndbox>
</object>
</annotation>